# previous	word — correctly spelled words from held-out Tatoeba sentences; must not change
that	boat
did	do
that	species
that	she
of	nicknames
won't	be
apartment	lives
told	me
do	they
in	the
tom	certainly
never	met
<s>	Tom
is	tall
for	his
of	the
sins	of
tom	wasn't
<s>	Tom
cookies	that
<s>	Algeria
buying	a
<s>	Tom
good	at
her	to
tom	is
a	goner
i	wonder
allow	their
password	of
know	that
tom	was
rima	down
this	woman
disappointment	to
took	a
very	expensive
them	later
no	Tom
mary	was
past	four
tom	was
yanni	frequented
went	down
that	here
only	one
according	to
pouring	down
well	maybe
<s>	That
finally	managed
noon	that
is	it
cabin	were
<s>	All
weren't	going
we	surrounded
pona	but
is	thick
but	she'll
whole	affair
our	happiness
wood	is
<s>	This
from	land
your	phone
tom	is
for	her
grave	is
tom	wasn't
sami	needs
a	mountain
to	kiss
he	cut
ever	heard
<s>	I've
i	can
that	you
buy	the
wanted	to
of	her
may	be
beer	left
all	day
when	you
you	want
to	you
go	at
<s>	Gabriel
to	me
mary	told
my	civil
tell	Tom
time	of
sleeping	in
is	always
me	he
<s>	It
own	medicine
likely	to
that	horse
in	Australia
the	thermal
has	his
a	policeman
mary	wasn't
much	time
day	after
the	truth
sami	did
want	to
to	get
you	have
he	loves
are	prepared
said	that
benefit	of
to	do
thing	I
it's	hardly
from	them
off	isn't
why	wasn't
tom	was
the	call
in	fact
run	into
never	live
tom	still
it	was
that	he
to	talk
in	Ireland
i	told
<s>	Why
for	today
stereotypical	behavior
that	window
could	tell
together	this
wish	Tom
<s>	We
where	did
and	pony
<s>	Tom
<s>	He
these	books
has	the
<s>	Ziri
nearby	pond
as	usual
to	my
<s>	You
how	many
still	up
<s>	He
can	I
aren't	they
she's	done
<s>	Just
his	level
<s>	It's
<s>	She
wanna	watch
the	car
are	over
of	book
moment	ago
go	to
ziri	was
to	Boston
wasn't	going
is	born
<s>	Sami's
<s>	I
new	cellphone
who	work
tom	walked
i	was
need	workable
<s>	Go
four	new
come	out
one	ought
has	something
tom	asked
<s>	Sami
i'm	forced
how	was
montmartre	is
innocent	cause
she	heard
how	did
was	going
the	Prince
mt	Fuji
she	was
rousing	success
a	reduced
going	to
<s>	Do
will	always
was	the
sun	at
first	time
come	for
<s>	Mirume
why	are
isn't	so
<s>	You
<s>	I
of	coffee
cheapest	package
<s>	Can
tom	and
<s>	Islamophobia
did	that
restaurants	in
still	love
mary	gets
very	rude
another	one
you'd	be
a	democratic
<s>	That's
for	your
of	bed
<s>	He
<s>	Sami
maybe	see
a	business
the	garage
last	night
is	imaginary
only	speaks
so	guilty
as	anti
should	have
on	the
they	set
to	return
<s>	I
you	a
that	Tom
told	us
i	know
article	yet
likes	to
like	her
saw	him
know	said
is	sleeping
the	village
hours	to
speech	is
tony	there
tried	it
are	arrogant
never	goes
<s>	What's
i	don't
please	exchange
a	bike
doesn't	want
no	details
honor	to
accompanied	Tom
<s>	He
in	style
to	float
had	trouble
i	just
i	eat
else	ever
key	to
also	learning
will	have
<s>	Ziri
monster	and
<s>	The
you	will
easy	to
rodrigo's	house
captured	him
had	a
language	is
it'll	pay
being	attacked
you	try
through	the
it's	not
nearly	popped
was	full
tom	is
passed	each
<s>	It
<s>	Gustavo
to	do
<s>	Antonio
of	Algerians
will	be
aren't	you
tom	was
is	an
work	in
<s>	That's
<s>	But
think	that
told	them
<s>	We
<s>	Ziri
brought	the
could	have
was	overwhelmed
i	thought
tom	and
<s>	Yanni
they	were
done	that
must	have
do	that
i	looked
even	more
by	the
<s>	I
a	choice
<s>	Tom
restaurant	in
therefore	I
i'm	convinced
started	to
a	celebrity
the	rage
he'd	stolen
had	both
on	him
you	able
plane	himself
interview	feel
his	father
uses	cannabis
you	must've
<s>	I
finally	landed
really	need
the	Kabyle
for	halal
tom	sat
saw	him
of	view
all	that
it	won't
<s>	I'm
come	on
be	announced
with	her
that	don't
old	camera
okay	and
their	farm
did	they
the	lemon
we	didn't
couldn't	help
please	write
<s>	That's
try	to
tom	paused
<s>	Mary
this	group
is	likely
making	the
i	know
is	to
<s>	Tom
i	saw
<s>	Let's
for	feeding
want	to
<s>	I'll
hit	rock
a	big
since	when
believe	Mary
disturb	him
are	inquiring
<s>	Fadil's
has	convinced
you	calling
doing	that
passed	the
like	that
i	come
<s>	Mary
cleaned	the
<s>	Tom
the	s
<s>	Even
made	dinner
pleasant	afternoon
<s>	They
it	while
never	guess
<s>	Play
currently	in
<s>	Tom
how	can
this	to
who	gave
<s>	I
<s>	Leonid
is	one
<s>	Ziri
their	minds
<s>	Ziri
that	he'd
during	the
this	minor
will	do
<s>	She
scaring	me
i	can't
policy	don't
poland's	biggest
find	it
didn't	know
<s>	Provided
room	was
and	business
i	interviewed
<s>	He's
i	did
food	a
both	Tom
the	first
be	clear
useful	man
fix	her
the	morning
<s>	Gold
the	pool
<s>	You
it's	hard
have	a
her	plan
been	paged
sense	of
her	advice
that	time
yanni	was
that	crunching
arms	went
the	night
tom	isn't
<s>	Germany
<s>	Tom
station	at
<s>	Mennad
should	do
ideas	effectively
we	like
scratches	his
didn't	get
tom	and
who	still
i've	just
do	that
gustavo	kept
leave	Algeria
<s>	OK
tom	tried
that	was
thought	I
tom	waited
a	compliment
tom	was
to	do
by	people
programs	to
fast	that
let's	begin
not	gone
by	plane
the	store
jackson	is
together	sometime
change	things
noise	of
everything's	been
in	the
it	isn't
still	cold
tom	was
love	online
ziri	was
<s>	He's
he	met
<s>	Love
mary	are
that	Tom
boys	here
rima's	charms
do	what
to	be
trouble	keeping
<s>	Don't
<s>	Mary's
on	the
country	talks
take	an
my	heart
with	him
<s>	Ziri
<s>	It
at	the
with	your
never	forget
you're	local
feel	like
ask	Mary
he	came
service	my
happens	when
have	sung
really	enjoy
for	this
clean	that
his	wife
<s>	It
they	knew
<s>	There's
going	to
rima	strangled
in	the
tossing	on
your	pudding
his	office
<s>	Come
turn	the
she	says
free	community
files	in
live	in
rima	agreed
<s>	Don't
to	the
apply	for
when	he
<s>	That
it	look
to	do
knew	I
not	fall
all	just
said	they
a	couple
it	sure
has	amazing
may	talk
others	that's
that	is
the	weather
putting	things
<s>	Your
<s>	Tom
i	suggest
<s>	University
to	do
<s>	Improve
was	wrong
urinate	more
good	salesman
would	be
has	proven
<s>	Tom
tomato	soup
<s>	Rima
hears	the
of	the
it	seems
what	Tom
like	to
one	savvy
wake	up
i've	never
<s>	Daniel
we	are
mean	It's
writing	on
the	singer
be	alive
in	the
be	outside
to	take
made	him
begun	doing
taller	than
to	be
i'd	known
two	hours
the	farm
popular	with
believe	me
everybody	seems
layla	out
<s>	Everything
they	can't
or	negative
extremely	cooperative
tom	there
weren't	sure
the	father
tom	and
knew	Mary
i'll	have
submitted	his
<s>	Where
not	know
<s>	Tom
own	mother
it	and
by	accident
<s>	I'd
want	to
<s>	The
<s>	Tom
<s>	He
was	Tom
<s>	We
missed	an
tom	is
he	didn't
movies	together
more	than
said	he
getting	her
copied	by
<s>	We
isn't	ready
looking	down
<s>	Edmundo
quite	mean
that	he
isn't	he
work	before
a	rescue
apologized	to
ziri	left
call	this
to	get
it's	costing
<s>	I'm
in	Tom's
me	about
have	someone
even	wait
she	passed
the	Israeli
got	angry
named	Mary
<s>	Where
evening	we
let	off
can	really
made	me
apparently	got
<s>	It
<s>	Have
they	braced
<s>	I
tom	and
she's	working
got	treatment
i	assure
make	stinking
mary	don't
travelled	to
what	do
he	told
alone	I
still	on
you're	not
<s>	She
mary	his
he'd	spent
<s>	Tom
<s>	Tom
<s>	He's
his	spare
mary	three
didn't	care
every	day
unhealthy	habit
you	should
don't	think
<s>	Why
a	moment
serious	business
<s>	Tom
a	long
to	do
my	lawyer
involved	in
<s>	Tom
somebody	intervened
i	cannot
theory	is
on	the
want	to
your	bicycle
can't	I
house	yesterday
let's	eat
checking	you
by	himself
is	he
up	with
tom	and
are	places
to	tie
home	isn't
company	with
need	of
to	within
trust	each
ziri	went
i	know
<s>	I
<s>	Sami
introduction	of
the	morning
have	to
that	really
be	late
<s>	She
the	dam
the	bigger
she	had
tom	said
have	other
the	kindest
<s>	I
to	do
else	gave
think	that
every	day
<s>	There
missed	their
that	it's
make	it
they	said
he	hasn't
<s>	Japan
like	mine
can	do
won't	be
both	speak
to	Rima
by	this
was	married
how	many
very	ambitious
<s>	She
to	go
after	his
kissing	Tom
can't	see
economy	is
about	the
to	the
a	girl
a	fish
can	crack
the	results
<s>	You
a	part
took	it
agree	with
punish	Tom
subject	often
running	all
he	liked
the	British
you	really
his	worst
<s>	Tom
ivan	asked
who	thought
about	it
go	out
the	eagle
his	work
in	love
our	kid
new	job
<s>	Will
tom	has
curve	extends
you	want
left	the
<s>	I
his	life
<s>	They
<s>	You
nearby	village
are	boring
needs	to
you	the
i	hate
<s>	I'm
check	it
other	women
for	once
probably	how
when	I
you	nervous
think	I
<s>	This
<s>	Olivia
<s>	I
human	beings
<s>	The
<s>	The
adults	here
obsessed	with
i	figured
i	couldn't
better	call
<s>	Igor
said	she
<s>	I
to	Australia
to	lose
seem	to
ziri	was
leave	at
<s>	I
these	pictures
<s>	We
<s>	It's
i	like
this	time
give	her
good	There
aren't	you
he	was
lost	consciousness
have	a
does	matter
that	this
<s>	Gabor
last	year
too	expensive
has	a
i	can't
while	and
ever	visit
in	the
<s>	Is
so	well
smokes	a
stop	the
there	for
<s>	This
to	a
always	speaks
<s>	I
already	won
his	story
he	was
of	snakes
<s>	It
tom	that
germany	after
why's	everyone
called	Judea
tom	got
<s>	This
people	are
<s>	We
tom	is
<s>	Melanie
fidgeted	in
are	in
<s>	He
would	rather
that	as
not	sure
amazing	feat
down	The
home	to
not	taking
has	a
before	but
tom	is
they	called
<s>	I
no	microwave
case	briefly
many	of
<s>	They
we	know
the	wolf
<s>	It's
then	the
lapis	is
<s>	Women
he	can't
they	will
the	bedroom
<s>	Cooking
success	of
but	we
drinks	orange
day	off
to	Australia
you	could
bath	is
<s>	I've
we	were
be	careful
rima	will
living	in
he's	never
won't	stop
i'd	like
your	voice
sami	shouldn't
<s>	The
you	did
wisdom	not
you	don't
<s>	James
baya	were
has	a
open	the
play	basketball
<s>	We
your	business
billy	with
will	vouch
him	the
<s>	They
<s>	Mary
don't	put
do	that
like	a
how	to
<s>	Tom
talking	to
let	me
he	couldn't
was	greatly
a	global
to	show
don't	need
own	restaurant
simple	to
to	get
his	anger
that	is
sami	isn't
dates	are
<s>	You
and	Mary
queen	remarked
got	the
develop	the
can	kill
<s>	Fadil
i	like
tom	and
<s>	Tom
can't	afford
<s>	The
quiet	too
<s>	Are
<s>	I
i'm	your
your	new
he	admitted
suffered	crop
<s>	I
in	volcanic
medication	is
who	doesn't
excited	us
<s>	Tom
nobody	cares
tom	ran
small	red
sent	you
don't	have
<s>	I'm
why	do
said	that
eyes	who
pulled	her
took	good
to	do
accept	God's
be	seen
being	discharged
decision	to
had	been
algerians	remember
then	I
will	very
was	at
used	to
her	a
i'll	be
go	on
can't	give
major	in
tom	wasn't
always	getting
barely	be
pass	the
most	of
won't	fit
are	the
he	doesn't
did	you
that's	the
dog	is
think	economics
well	that's
tom	ran
without	permission
time	writing
is	his
take	care
your	village
need	to
any	joy
<s>	I
her	come
had	to
she	went
tom	knows
said	she
like	he
nice	to
ivan	handed
hob	was
forward	and
were	tormented
to	raise
is	planning
was	disappointed
<s>	Who
faraway	friend
mary	denied
said	he
scientists	observe
<s>	This
a	sucker
and	Skura
the	pupils
largest	city
<s>	They
only	a
had	a
pay	Olivia
the	campfire
i	forgot
they	wouldn't
the	yard
is	this
of	legend
i	found
being	infected
invitation	to
can't	bear
lottery	ticket
should	lock
<s>	We
isn't	she
only	do
to	understand
you	call
a	cute
<s>	I
i	tried
tell	me
needs	help
enjoy	insulting
do	not
my	hat
grand	Mosque
had	never
do	that
<s>	Before
is	any
to	cover
do	that
<s>	She
<s>	Mary
the	woods
cousin	too
doesn't	care
our	permission
<s>	She
you	can
<s>	Tom
avoided	that
invited	Rima
was	psychic
is	a
today	I
matter	be
tom	and
heating	is
started	earlier
i'm	pretty
told	me
of	dolls
tom's	ancestors
know	John
tom	didn't
her	superiority
no	contact
much	time
not	having
<s>	Mary
go	take
weren't	leather
babies	are
peak	in
is	unthinkable
to	Tom
<s>	It'll
spoke	hardly
since	my
if	we'd
tom	vowed
mercy	on
about	Dao
like	cooking
she's	already
ran	into
he	enjoys
he	didn't
imam	is
i	really
planning	to
he	had
mary	said
you	please
tom's	decision
tom	that
has	never
was	wearing
<s>	Can
the	people
children	alone
please	tell
sure	of
any	privacy
are	the
she	isn't
my	SUV
not	working
your	homework
on	his
than	potatoes
i	want
make	you
already	do
<s>	This
everyone	gathered
so	hungry
<s>	Hopefully
that	with
i	handled
with	yes
purchased	the
were	marked
of	London
that	Tom
the	clarinet
she'll	never
tom	asked
<s>	I
to	get
that	are
the	way
as	strong
<s>	Is
came	home
the	teacher
quite	discreet
still	bizarre
put	on
maximum	length
without	him
don't	celebrate
him	cry
remains	vulnerable
electric	shock
is	difficult
by	that
<s>	Ethnic
cook	more
this	knife
made	that
longer	necessary
is	advisable
i	was
drew	a
the	sun
i	know
let's	cancel
you	go
use	a
is	single
go	home
my	dear
<s>	In
to	me
in	a
out	of
tom	seemed
drove	me
water	from
<s>	I'm
ring	ring
about	your
that	something
college	is
emigrants	are
on	time
if	we
layla	stopped
very	lonely
tom	and
to	get
know	that
prize	in
one	of
see	what
trying	to
is	German
takes	himself
the	doctor
i	want
of	the
going	crazy
sami	owns
asked	for
<s>	Thanks
mary	said
as	possible
understand	English
like	drinking
train	they'd
still	out
what	we
don't	want
help	to
be	safer
<s>	These
a	herb
<s>	Tom
can	you
in	France
<s>	Do
the	nurses
<s>	Sami
is	this
<s>	I'm
the	same
eating	breakfast
<s>	He
of	that
had	Melissa
is	she
a	lot
algerian	journalist
we	have
invite	anyone
name	eludes
i	don't
at	the
mary	can
just	fine
<s>	The
buildings	of
lived	there
reading	poetry
speak	German
prohibited	in
<s>	Sunflower
kill	Thou
heart	isn't
something	to
how	long
rift	in
a	movie
plays	tennis
free	to
he	had
me	for
quit	because
<s>	Everyone
she's	short
needed	us
he	could
didn't	get
in	Algeria
for	three
was	interesting
and	Mary
would	play
kit	is
wanted	to
for	her
he	finished
<s>	Yanni
<s>	Ziri
down	a
lot	about
he	is
council	is
a	new
he's	got
expected	Mary
do	that
in	a
a	doll
<s>	We
leadeth	to
i	have
colors	to
<s>	Ivan
<s>	I
tell	them
<s>	The
difficulties	are
she	advocates
vice	from
aren't	here
the	communists
edible	too
<s>	She
<s>	Tom
boston	with
my	script
rumors	in
want	to
<s>	Nobody
michael	suggested
the	last
you	may
for	a
sea	is
<s>	Tom
not	really
at	all
her	to
to	do
little	disoriented
the	hospital
<s>	I'm
justice	for
beating	alive
car	around
good	picture
he	did
have	started
catch	the
domination	didn't
a	desire
any	other
open	the
tom	has
changes	in
sami	knows
<s>	We
<s>	Have
swim	anymore
is	wrong
learning	to
<s>	Toronto
<s>	Australia
thousand	books
to	see
company	still
personify	animals
and	Superman
up	the
tom	knows
the	laws
wrath	on
like	a
<s>	I
into	the
tom	and
you	any
was	commuted
on	YouTube
didn't	need
the	lobby
<s>	You
the	best
he	die
<s>	Tom
swimming	pool
the	light
really	enjoy
factor	in
win	Sami
tom	has
french	to
understand	what
was	walking
thought	Mary
dirty	water
the	fire
<s>	Tom
man	of
child	by
you	kept
duration	of
had	challenges
that	overt
were	joking
to	school
next	month
at	Tom
phone	for
mary	assured
by	only
phone	numbers
people	are
<s>	A
should	try
goad	for
than	you
<s>	I
yanni's	car
been	living
were	three
holding	hands
occupies	the
to	help
you	still
isn't	he
ziri	can
doing	the
in	the
<s>	Every
sentence	doesn't
who	sharpened
mary	isn't
<s>	Is
page	summary
have	their
be	few
it's	been
<s>	She's
an	online
houses	around
i	really
sure	I'll
talking	about
<s>	Why
<s>	School
make	bandages
<s>	Make
happen	right
speaks	French
flitted	to
lorenzo	and
dream	then
tom	is
know	that
<s>	Do
<s>	Could
that	way
implications	for
picture	just
and	Mary
attended	the
spent	all
that	only
has	air
how	exhausted
so	that
touched	on
<s>	It
is	zero
a	or
the	United
tom	told
isn't	she
pretending	to
<s>	I
enjoy	it
make	more
usual	course
and	watch
<s>	Don't
can't	work
the	hungry
monday	to
i'll	probably
do	many
when	she
the	beach
dmitri	recognized
<s>	I
if	Tom
of	tea
<s>	Nobody
across	the
a	man
<s>	Stop
to	war
said	he
i	say
that	point
make	spaghetti
nothing	much
rise	on
of	other
expensive	to
wouldn't	let
didn't	know
half	How
sami	is
going	either
we	don't
<s>	I
stay	away
said	was
<s>	She'll
<s>	I'm
we	decided
want	to
the	Berber
tom	is
is	egotistical
a	pilot
it's	the
of	all
thank	you
isn't	she
<s>	When
earn	less
bad	luck
the	dress
why	are
<s>	I'm
<s>	Nobody
called	couscous
no	remorse
on	the
<s>	Is
<s>	What
i'll	be
the	largest
reduce	bureaucracy
can	do
to	his
my	favorite
it	stunned
with	him
told	me
she	blamed
you	should
tom	probably
guarding	their
<s>	This
didn't	live
the	helmet
is	enough
computer	generated
say	that
didn't	know
and	Mary
you're	dating
remembered	the
<s>	Tom
what's	on
in	good
unemployment	is
make	this
now	than
not	give
drank	a
vulnerable	definitely
that	Tom
with	me
proved	otherwise
myself	some
completely	drunk
mourning	cloak
mary	forgot
been	bitten
in	trouble
he	is
my	head
<s>	He
it	correct
two	of
said	that
<s>	He
more	ice
you're	retaliating
his	work
which	instance
have	a
<s>	Praise
sami's	stories
doesn't	look
of	the
to	think
been	spending
off	and
<s>	Tom
are	even
his	resignation
is	Tom
<s>	Tom
go	to
why	they
a	glass
another	three
mary	were
something	else
that	it
<s>	I
big	picture
buzzkill	a
her	to
free	time
<s>	Thank
but	he
<s>	Sami
<s>	Santiago
layla's	hair
leon	found
i	can't
<s>	While
<s>	She
went	silent
express	yourself
i'm	answering
was	an
woken	up
<s>	Tom
<s>	That's
stop	You're
i	was
loud	growl
<s>	Ziri
i'll	leave
couldn't	control
it	was
<s>	I'll
quickly	as
times	did
speaks	in
i'll	be
tom	has
<s>	Why
program	at
to	know
you	need
he	wasn't
make	sure
the	cop
tom	cut
thunder	rumbled
of	behavior
is	away
<s>	Tom
you're	prisoners
always	cold
make	you
of	the
you	so
forest	has
<s>	We're
way	we
tom	and
living	in
heard	a
think	that
your	phone
<s>	He
blond	although
he's	healthy
sami	worked
a	shirt
one	thing
<s>	Are
often	I
go	to
till	two
my	story
she	is
the	door
mary	is
i	don't
she	watched
and	buses
what	you
told	you
read	any
<s>	Tom
of	his
to	turn
at	the
<s>	This
can	get
<s>	John
<s>	Detectives
rima	has
free	loans
i	think
<s>	Tom
<s>	He's
ziri	made
speak	a
<s>	Tom
we're	hot
used	to
is	the
french	to
some	cherry
is	not
guys	know
choice	but
were	walking
at	it
please	have
of	backgrounds
half	dressed
of	his
entire	story
to	think
is	the
his	face
each	other
world	to
to	walk
trusted	adult
<s>	Sami
on	us
am	done
within	a
and	Mary
a	very
eye	on
for	you
ambition	burned
i	remember
want	to
slept	like
it's	freezing
i'd	like
a	heavy
<s>	Tom
going	to
maybe	you
<s>	Mary
i	haven't
formidable	on
of	the
tom	loves
<s>	Tom
short	enough
freaked	out
to	do
who	Mary
<s>	I
<s>	I'm
does	Iuppiter
sami	looked
berber	linguistics
i	don't
the	bathtub
come	with
the	dictionary
that	question
do	that
on	May
help	you
one	of
mary	is
the	house
<s>	This
a	right
more	careful
control	his
something	like
sign	the
tom	should
your	name
him	I'm
<s>	She
you're	going
years	Beijing
tom	was
bad	as
don't	eat
the	affirmative
tom	eats
to	Australia
see	each
tom	and
tom	go
<s>	Tomorrow
dog	barking
gentleman's	daughter
not	be
of	the
from	scratch
<s>	Because
on	the
<s>	Mary
they	danced
have	time
of	Algeria
me	believe
<s>	I
cannot	be
<s>	Tom
<s>	No
last	long
to	fight
tom	is
or	so
be	ready
over	his
german	is
<s>	Tom
this	looks
and	senators
that	again
<s>	King
do	that
she's	making
<s>	A
know	it's
missed	him
a	reputation
<s>	We
to	be
any	fun
he's	not
ever	hurt
and	all
they	were
isn't	really
the	farm
tom	has
some	servants
never	called
i	want
are	several
trying	to
went	to
on	time
lack	money
tom	was
to	Boston
<s>	All
one	daughter
trainers	are
not	that
went	wrong
i	buy
having	a
on	Jim
that	episode
<s>	Jos
as	silent
wasn't	really
really	appreciate
i'm	afraid
we	want
in	space
time	that
care	of
mary's	diary
a	full
rima	and
to	Tom
should	congratulate
<s>	He
by	themselves
you	will
is	here
what	is
<s>	Jesus
actually	said
please	use
tom	wanted
<s>	We
always	like
have	a
careful	not
arranged	an
do	not
was	completely
she	doesn't
don't	see
tom	thought
boy	lost
<s>	Let's
<s>	I
<s>	That's
swimming	is
rima	with
<s>	Do
<s>	What
time	at
time	shit
not	a
really	worries
at	any
the	same
into	Germany
is	nobody's
mutilate	kids
risk	Tom
tom	will
and	Mary
is	Tony's
pet	do
was	called
shook	his
ice	cream
vacuum	the
mary	said
you	been
about	it
side	that
how	events
two	governments
full	swing
them	out
it	was
rijksmuseum	when
you	have
want	to
<s>	Ziri
felt	amazing
<s>	Tom
wanted	to
tom	is
please	don't
enjoyed	doing
tom	hid
<s>	Tom
old	man
a	lot
<s>	She
to	begin
doesn't	know
look	like
that	hole
<s>	You
the	blackboard
i	miss
hates	snakes
and	Mary
health	prior
the	park
installment	plan
pietro	luckily
was	late
i	don't
let's	go
denied	any
the	silverback
why	did
wasn't	sure
<s>	Mark
need	you
an	instrument
<s>	What's
<s>	Don't
new	employee
bring	incense
despite	my
that	Mary
he	rejected
to	remain
you	sound
yanni	eats
the	ones
an	answer
<s>	Why
viscount	inherited
it	while
<s>	All
do	you
and	Mary
doesn't	care
from	tipping
have	to
family	likes
tom	has
at	home
or	skiing
you	were
the	tire
death	still
offered	a
did	you
sorry	but
it	was
has	to
of	you
him	of
damiano	laid
fair	words
what	I
<s>	He
up	as
made	a
save	money
thought	that
<s>	Her
mennad	will
couldn't	improve
that	they
can't	she
<s>	Algeria
decrease	the
by	that
tom	started
her	neck
that	separates
everyone	else
gone	sailing
my	house
absolutely	inexcusable
you	gave
she	might
top	of
have	a
and	beer
the	border
she	tends
isn't	she
you	want
it	so
it's	obvious
that	she
mrs	Young
<s>	It
<s>	Have
my	daughter
only	chance
i'm	a
you	comfortable
he	touched
think	Tom
must	have
don't	forget
<s>	He
not	bring
don't	do
that	a
part	of
his	next
gotten	fat
i	are
war	lasted
said	that
was	supposed
shadow	a
<s>	She's
don't	trust
and	around
<s>	Tom
has	three
parades	are
i	wish
well	as
in	Islam
<s>	Tom
well	as
just	so
isn't	my
<s>	What
a	quiet
<s>	I
on	your
corner	store
i	was
scheduled	for
rule	of
a	pain
that	I
might	be
<s>	Thank
<s>	Tom
people	to
our	team
you	doing
i	want
you	back
take	us
<s>	John
<s>	How
you	know
tom	didn't
<s>	You
ziri	needs
this	Like
said	that
we	need
don't	know
at	the
<s>	Hit
they	sat
mary	signed
what's	his
<s>	Sami
tom	isn't
what	I
failure	on
to	Tom
<s>	Layla
twin	sister
robert	wasn't
her	bicycle
under	the
is	extremely
wearing	his
a	little
<s>	Maybe
<s>	Tom
opened	the
both	the
of	Dominica
a	little
this	baby
sped	up
<s>	The
<s>	A
pissed	off
you	fucked
god	it's
writing	style
work	but
is	a
in	a
i	demolished
don't	like
good	enough
<s>	The
was	sitting
tom	to
probably	be
<s>	We
couldn't	believe
bruno	was
did	everything
<s>	Tom
his	friend
<s>	Tom
<s>	She
to	see
lawyer	is
underground	burrows
doctor	examines
that	temperature
<s>	Does
operate	a
it	thoroughly
<s>	The
just	very
the	one
don't	see
said	he's
not	it
with	your
i'm	shaving
on	me
it's	nice
should	be
years	ago
could	you
managed	to
i	knew
to	vibrate
tom	has
ken	has
ziri	was
tom	will
can	use
china	is
that's	a
what	he
are	still
<s>	I
on	the
<s>	Years
<s>	The
we're	supposed
tom	had
be	the
<s>	I
don't	want
bragged	about
do	that
he's	a
the	test
get	dumped
hate	rap
condolences	to
i'm	not
to	Boston
of	time
as	it
book	only
quite	good
surprised	me
expert	in
<s>	They
<s>	She
mary	would
be	willing
her	nephew
not	partners
dropped	out
sad	movie
now	look
why	John
of	luck
as	Mary
gone	to
<s>	You
mary	told
it'll	ruin
you're	from
visit	each
tom	that
mary	too
lot	of
we	should
could	die
its	main
was	a
to	do
the	majority
the	fruits
be	like
a	very
<s>	Tom
in	the
really	hacking
tom	said
weren't	prepared
i	don't
english	speaking
did	you
is	all
seat	of
tom	said
i	spoke
esperanto	is
hates	French
<s>	Tom
<s>	Rima
think	you've
not	being
in	the
<s>	Which
<s>	She
my	sister's
have	been
thinks	that
tell	Mary
reconsider	your
mary	are
that	we'd
didn't	have
yanni's	cocktails
probably	a
went	back
<s>	For
more	than
been	having
in	trouble
you	and
john	likes
doctors	did
tom	is
does	the
thinks	Mary
don't	know
<s>	The
tom	smelled
<s>	The
put	on
<s>	Tom
believed	in
sami	should
<s>	Tom
this	window
<s>	She
touch	my
day	and
got	tough
and	call
your	heart
this	milk
go	to
<s>	Do
to	congratulate
tom	pressed
own	way
<s>	What
would	be
tastes	terrible
<s>	I
<s>	I
us	Tom
violates	multiple
blameless	for
bought	Skura
a	part
find	the
the	shop
in	the
hill	and
the	window
<s>	You
wasn't	poor
tom	realized
knew	that
you	flatter
talked	to
woman	is
was	convinced
the	rich
grew	up
have	you
has	a
and	lanterns
looking	for
hard	to
overwhelmingly	Berber
said	that
<s>	I'm
two	days
read	and
they	need
was	planning
they	were
wanted	to
to	do
we	won't
that	Tom
it's	hilarious
<s>	The
mary	wouldn't
no	longer
you're	different
said	he'd
crocodiles	and
about	it
ship	together
that	Tom
a	good
that's	the
glaring	at
in	charge
<s>	A
<s>	Mary
<s>	What's
in	Berber
<s>	This
their	engagement
are	rare
anna's	warning
that	he
was	terrible
<s>	Tom
us	how
be	more
<s>	Unfortunately
he	should
like	that
party	type
that	Mary
the	items
flat	Do
began	at
patriotic	state
davis	a
<s>	At
what	you
is	a
put	them
<s>	Tom
<s>	Who
<s>	David
goodbye	and
put	his
over	there
this	video
<s>	Never
<s>	Mary
hailing	from
saw	something
in	a
mercury	is
poke	it
traveling	by
back	ten
say	anything
i	do
to	do
and	Mary
i	met
that	shit
i	can
so	eager
did	you
these	days
yesterday	did
your	children
won't	study
the	improvement
<s>	Tom
his	room
really	turned
<s>	Don't
<s>	I
<s>	A
her	secretary
planning	to
to	write
your	product
make	a
a	crawl
mary	why
by	Sami
just	wears
the	bud
<s>	That's
go	to
a	towel
have	been
<s>	Beyond
must	return
people	gathered
tom	is
see	what
why	don't
still	crying
to	beat
largest	university
understood	at
larry	Ewing
lost	patience
<s>	That's
i	offended
found	guilty
land	The
first	rumbles
rain	tomorrow
<s>	She
god	of
that	at
don't	say
on	the
<s>	The
tom	has
replacing	the
for	this
walk	any
better	than
what	can
<s>	Usually
didn't	have
like	Sami
to	the
him	from
car	like
carried	on
known	as
than	usual
should	have
<s>	There
<s>	Tom
a	fantastic
help	them
skipping	school
that	with
to	come
we're	having
this	in
you	to
the	world
fortune	someday
his	surroundings
can't	believe
bend	it
already	talking
at	a
not	going
<s>	You're
when	I
tom	was
<s>	He
not	to
<s>	My
ugly	people
he's	supportive
jean	looked
in	which
the	fall
the	teacher
from	Tom's
brought	up
<s>	He
his	skateboard
i	didn't
i	used
available	at
s	tea
necessity	gives
is	doing
on	my
translation	service
had	a
come	true
mary	began
are	people
i'm	not
waiting	for
<s>	Tom
<s>	We've
a	knife
she	wanted
a	limited
an	indication
<s>	Wait'll
to	read
ziri	ran
all	donations
another	lesson
will	be
a	ride
planning	to
be	told
quick	mind
<s>	Tom
secretary	arrived
being	overdramatic
for	energy
<s>	That
<s>	Marcia
tasting	notes
go	back
the	rules
she	told
not	thirsty
how	that
you	need
<s>	Boldi
he'd	already
take	a
<s>	How
never	let
capable	of
know	why
melissa	with
anyone	else
make	sure
others	like
<s>	The
<s>	I
won't	be
<s>	Tom
you	any
can't	find
beautiful	than
my	cousin
her	and
i'm	willing
the	river
layla	was
<s>	He's
<s>	Mary
<s>	One
three	years
everything	about
<s>	Are
come	in
is	quite
you	sleep
why	are
<s>	She
is	a
that	he
sorry	too
in	the
has	broken
there	to
<s>	Are
did	you
book	about
that	before
was	some
children	in
help	but
i	set
our	own
act	otherwise
to	punt
<s>	Tom
tom	told
<s>	Don't
<s>	Dan
<s>	Maybe
people	danced
i	still
i	think
have	to
sami's	dog
for	tonight
the	country
might	not
doing	his
from	winds
a	place
<s>	I'm
<s>	I
to	swim
go	swimming
tom	and
leave	Boston
is	the
<s>	Benedito
hate	each
<s>	Academics
<s>	I
<s>	Berries
have	something
<s>	Hi
<s>	Her
not	faulty
next	door
to	his
gown	against
<s>	The
wife	is
he's	my
<s>	I
hotel	I'm
<s>	What
much	trouble
extend	your
be	unaware
<s>	He's
kept	piles
<s>	I'm
<s>	She's
ziri	likes
we	could
what's	this
the	rain
taken	the
been	here
a	year
time	before
<s>	Hungarian
looking	at
from	jail
you	already
little	better
about	that
<s>	Say
my	computer
<s>	Is
that	infernal
<s>	What
assumed	an
several	options
think	you
<s>	Muslims
that's	fair
is	a
i	had
for	other
me	He
<s>	David
is	old
to	do
italian	students
guest	may
<s>	Tom
<s>	What
rima	and
within	the
the	Jacksons
this	weekend
<s>	Tom
tom	and
how	long
was	really
<s>	Tom
mary's	beauty
please	unlink
likes	Chinese
several	times
on	Monday
drank	detergent
of	things
needs	to
she'll	study
hired	a
mary	out
disaster	from
<s>	Do
they	do
i	have
write	to
you	couldn't
<s>	Can
his	sunglasses
water	a
bill	hates
accepted	for
in	cursive
tom	abandoned
that	I'll
<s>	I've
tom	will
so	young
<s>	Luckily
to	buy
all	be
if	you
<s>	Don't
were	right
started	earlier
<s>	I
tom	turned
a	little
to	get
it	was
why	is
<s>	Sami
again	please
he	knows
<s>	She
i'm	not
ziri	tried
tom	has
ruin	the
worst	serial
towel	feels
to	be
do	that
i'm	telling
was	more
like	this
be	sympathetic
<s>	That
by	herself
her	poker
out	they
of	a
<s>	He
getting	worse
we	were
part	of
as	unhappy
your	porch
was	writing
bodyguards	to
manage	to
took	a
work	is
floods	ruined
i	feel
failed	the
cared	for
i	had
studied	harder
program	the
been	in
eating	an
i	can't
me	being
<s>	This
right	for
not	naked
a	chair
for	her
tom	and
a	packet
spent	the
together	since
don't	have
how	to
can	I
but	lonely
school	in
to	help
told	Mary
the	only
about	him
but	only
<s>	Oh
on	your
<s>	I
way	Tom
kept	tossing
the	public
job	is
<s>	They
the	stone
<s>	I
and	Layla
<s>	It
to	buy
first	time
to	work
grandfather	is
what	writing
don't	have
with	all
washed	herself
voice	and
not	going
can	keep
we'll	be
<s>	Tom
just	before
didn't	ask
gathering	flowers
<s>	Saturday
tom	was
mind	me
kimberly	was
i	trashed
know	Tom
do	it
<s>	Ziri
need	more
improvement	She
and	killed
<s>	He
been	tiring
by	their
i'll	be
are	you
isn't	my
the	meeting
from	Boston
pain	in
questions	regarding
was	seasoned
looked	at
every	month
but	an
and	she
the	music
tom	says
tom	gave
opposite	of
know	that
many	species
mennad	was
just	the
is	certain
<s>	I
have	a
not	ill
eggs	I
<s>	Mary
for	us
i	unconscious
don't	eat
right	and
i	was
stayed	at
it	very
you	bring
until	morning
go	that
worries	about
both	in
tom	deals
was	not
it's	important
say	they'd
<s>	Tom
good	for
this	weekend
tom	did
and	Mary
boldi's	parents
it's	snack
who	mugged
we	don't
<s>	I'd
his	next
doll	is
i'm	going
you	an
it	too
breaking	the
<s>	This
he	has
shot	them
<s>	I'm
thought	of
will	be
do	you
i	fail
the	mystery
<s>	They
yanni	became
you	before
to	be
<s>	I
<s>	Rima
wasteful	isn't
perhaps	Tom
on	me
is	awesome
to	learn
last	thing
don't	know
me	please
wasn't	bored
in	the
answer	all
ziri	followed
i've	been
pretty	near
tom	helped
mary	has
<s>	We're
<s>	Tom
he	was
pulled	the
out	why
going	to
<s>	Tom
everyone	knows
jacket	is
reason	I
needed	guidance
the	suspect
the	Jacksons
<s>	Tom
david	Tennant
his	classmates
<s>	Ziri
have	a
yesterday	was
car	mechanic
a	body
a	jungle
this	It's
mary	was
esperanto	is
<s>	This
<s>	It's
for	everything
they	said
a	percent
if	you
<s>	Wasn't
hire	him
send	this
outside	Europe
could	have
<s>	Sami
about	Islam
lies	to
have	been
out	of
your	brother
black	car
yet	done
have	them
their	rooms
algeria	has
thought	I
was	in
probably	has
understand	it's
go	and
