# typo	intended — Wikipedia: Lists of common misspellings (CC BY-SA 4.0)
abberant	aberrant
abberation	aberration
abbrieviated	abbreviated
abbriviated	abbreviated
abbriviation	abbreviation
abcess	abscess
aberation	aberration
aberrent	aberrant
abilites	abilities
abillity	ability
abilty	ability
abnormalites	abnormalities
abondon	abandon
abondoned	abandoned
abortificant	abortifacient
abreviate	abbreviate
abreviation	abbreviation
abritrary	arbitrary
abscence	absence
absense	absence
absorbancy	absorbency
absorbant	absorbent
absorbsion	absorption
absorbtion	absorption
absorpsion	absorption
absoulte	absolute
abudance	abundance
abundacies	abundances
abundancies	abundances
abundence	abundance
abundent	abundant
abundunt	abundant
abutts	abuts
acadamy	academy
acadmic	academic
accadamy	academy
accademy	academy
accellerate	accelerate
accelleration	acceleration
accension	accession
acceptible	acceptable
accesed	accessed
accesories	accessories
accesory	accessory
accessable	accessible
accessbility	accessibility
accessble	accessible
accidentaly	accidentally
accidentially	accidentally
accidently	accidentally
acclimitization	acclimatization
accomadate	accommodate
accomadation	accommodation
accomodate	accommodate
accomodation	accommodation
accompaning	accompanying
accompanyed	accompanied
accordeon	accordion
accordian	accordion
accoring	according
accoustic	acoustic
accreditate	accredit
accros	across
accross	across
accussed	accused
acedemic	academic
acertain	ascertain
acess	access
acheive	achieve
acheived	achieved
acheivement	achievement
acheives	achieves
acheiving	achieving
acheivment	achievement
achievment	achievement
achive	achieve
achived	achieved
ackward	awkward
acolade	accolade
acomplish	accomplish
acomplished	accomplished
acomplishment	accomplishment
acording	according
acordingly	accordingly
acquaintence	acquaintance
acquiantence	acquaintance
acquiantences	acquaintances
acquistion	acquisition
acquited	acquitted
acqusition	acquisition
activites	activities
actualy	actually
acuracy	accuracy
acustom	accustom
acustommed	accustomed
acutally	actually
addional	additional
addionally	additionally
additinally	additionally
additionaly	additionally
additionl	additional
addittion	addition
addmission	admission
addmitted	admitted
addopt	adopt
addopted	adopted
addoptive	adoptive
addres	address
addresable	addressable
addresing	addressing
addtion	addition
adecuate	adequate
adhear	adhere
adhearence	adherence
adition	addition
aditional	additional
admendment	amendment
administartion	administration
adminstrate	administrate
adminstration	administration
adminstrative	administrative
adminstrator	administrator
admissability	admissibility
admissable	admissible
admiting	admitting
admitt	admit
adn	and
adolecent	adolescent
adquire	acquire
adquiring	acquiring
adres	address
adresable	addressable
adresing	addressing
adress	address
adressable	addressable
adressing	addressing
advantagous	advantageous
advertisment	advertisement
advertisments	advertisements
adviced	advised
aeriel	aerial
aeriels	aerials
affadavit	affidavit
afficionado	aficionado
affilate	affiliate
affilliate	affiliate
affort	afford
affraid	afraid
affter	after
afica	africa
afteraffect	aftereffect
afther	after
againnst	against
agains	against
againsts	against
aggitate	agitate
aggree	agree
aggreement	agreement
aggregious	egregious
aggresive	aggressive
agian	again
agina	again
aginst	against
agravate	aggravate
agre	agree
agred	agreed
agregate	aggregate
agregation	aggregation
agreing	agreeing
agress	agrees
agression	aggression
agressive	aggressive
agressively	aggressively
agricultue	agriculture
agriculure	agriculture
agrieved	aggrieved
ahev	have
ahppen	happen
ahve	have
aiport	airport
airborn	airborne
airbourne	airborne
aircrafts	aircraft
airporta	airports
ajacent	adjacent
ajoin	adjoin
ajoining	adjoining
ajust	adjust
akward	awkward
albiet	albeit
alchohol	alcohol
alchoholic	alcoholic
alchol	alcohol
alcholic	alcoholic
alcohal	alcohol
alcoholical	alcoholic
aledge	allege
aledged	alleged
aledges	alleges
alege	allege
aleged	alleged
alegience	allegiance
algoritm	algorithm
algoritms	algorithms
allagory	allegory
allaince	alliance
alledge	allege
alledged	alleged
alledges	alleges
allegence	allegiance
allegience	allegiance
allign	align
allignment	alignment
alliviate	alleviate
allmost	almost
allong	along
allopone	allophone
allopones	allophones
alloting	allotting
allready	already
allso	also
alltogether	altogether
allways	always
almsot	almost
alochol	alcohol
alomst	almost
alos	also
alotting	allotting
alreayd	already
alse	also
alsot	also
alsways	always
altanta	atlanta
altenative	alternative
alterated	altered
alterpiece	altarpiece
althought	although
altough	although
alumini	alumni
alusion	allusion
aluvial	alluvial
alwasy	always
alwyas	always
amatuer	amateur
amature	armature
ambiant	ambient
ambigious	ambiguous
ameircan	american
amendmant	amendment
amenites	amenities
amercia	america
amercian	american
amke	make
amking	making
ammass	amass
ammend	amend
ammended	amended
ammendment	amendment
ammenity	amenity
ammount	amount
amnisty	amnesty
amonst	among
amoung	among
amoungst	amongst
ampitheater	amphitheater
ampitheatre	amphitheatre
amung	among
anahiem	anaheim
analagous	analogous
analitic	analytic
analogeous	analogous
anaylsis	analysis
anbd	and
ancester	ancestor
ancesteral	ancestral
ancilliary	ancillary
andd	and
androgenous	androgynous
androgeny	androgyny
anihilate	annihilate
anihilation	annihilation
aniversary	anniversary
ankel	ankle
annd	and
annoint	anoint
annonce	announce
annoncement	announcement
annouce	announce
annouced	announced
annoucement	announcement
annualy	annually
annuled	annulled
anomolies	anomalies
anomolous	anomalous
anomoly	anomaly
anonimity	anonymity
anounce	announce
anouncement	announcement
ansalisation	nasalisation
ansalization	nasalization
antartic	antarctic
anthromorphization	anthropomorphization
anthropolgist	anthropologist
anthropolgy	anthropology
antropology	anthropology
anual	anal
anually	annually
anulled	annulled
anyhwere	anywhere
anytying	anything
aoril	april
apalca	alpaca
apalled	appalled
aparatus	apparatus
aparent	apparent
aparently	apparently
apear	appear
apearance	appearance
apeared	appeared
apearing	appearing
apenines	apennines
apirl	april
aplication	application
aplied	applied
apoint	appoint
apolegetics	apologetics
apoligise	apologise
apoligize	apologize
apon	upon
apparant	apparent
apparantly	apparently
appart	apart
appartmant	apartment
appartment	apartment
appealling	appealing
appearence	appearance
appenines	apennines
apperance	appearance
applicaiton	application
applicaitons	applications
applyed	applied
appologies	apologies
appologise	apologise
appologize	apologize
appology	apology
apporach	approach
appretiate	appreciate
apprieciate	appreciate
approachs	approaches
approch	approach
appropiate	appropriate
approximatley	approximately
approximatly	approximately
approximently	approximately
approximitely	approximately
aproach	approach
aproximately	approximately
aproximation	approximation
aquaduct	aqueduct
aquaintance	acquaintance
aquainted	acquainted
aquiantance	acquaintance
aquifier	aquifer
aquire	acquire
aquired	acquired
aquiring	acquiring
aquisition	acquisition
aquitted	acquitted
aranged	arranged
arangement	arrangement
arbitarily	arbitrarily
arbitary	arbitrary
arbouretum	arboretum
archaoelogy	archaeology
archaology	archaeology
archeaologist	archeologist
archeaologists	archeologists
archetect	architect
archetects	architects
archetectural	architectural
archetecturally	architecturally
archetecture	architecture
archiac	archaic
archievement	achievement
archimedian	archimedean
architechture	architecture
architectual	architectural
archivement	achievement
argubly	arguably
argueably	arguably
arguebly	arguably
arguement	argument
arised	arose
arive	arrive
arn't	aren't
arrage	arrange
arragement	arrangement
arrangment	arrangement
arrengement	arrangement
arrengements	arrangements
arround	around
artical	article
artice	article
articel	article
artifical	artificial
artifically	artificially
artificialy	artificially
artilce	article
artillary	artillery
asend	ascend
asetic	ascetic
ashphalt	asphalt
asign	assign
asimilate	assimilate
askes	asks
aslo	also
asociate	associate
asociated	associated
asociation	association
asorbed	absorbed
asperations	aspirations
assasin	assassin
assasinate	assassinate
assasinated	assassinated
assasinates	assassinates
assasination	assassination
assasinations	assassinations
assasins	assassins
asscoiate	associate
assemple	assemble
assertation	assertion
asside	aside
assimiliated	assimilated
assinate	assassinate
assination	assassination
assisstance	assistance
assitance	assistance
assitant	assistant
assocation	association
assoicate	associate
assoicated	associated
assoicates	associates
assualt	assault
assumme	assume
assymetric	asymmetric
assymetry	asymmetry
asterick	asterisk
asteriks	asterisk
asteriod	asteroid
asthetic	aesthetic
asthetical	aesthetical
asthetically	aesthetically
asume	assume
atempt	attempt
athelete	athlete
atheletic	athletic
atheltic	athletic
athenean	athenian
atheneans	athenians
athiest	atheist
athlethe	athlete
athmosphere	atmosphere
athough	although
atitude	attitude
atlethe	athlete
atomsphere	atmosphere
atractions	attractions
atribute	attribute
atributed	attributed
atributes	attributes
attacted	attracted
attaction	attraction
attactive	attractive
attaindre	attainder
attatch	attach
attemp	attempt
attemt	attempt
attemted	attempted
attemting	attempting
attendence	attendance
attendent	attendant
attendents	attendants
attened	attend
attent	attend
attented	attended
attept	attempt
attitide	attitude
attone	atone
attornies	attorneys
attorny	attorney
audeince	audience
audiance	audience
austrailia	australia
australiasia	australasia
auther	author
authobiographic	autobiographic
authobiography	autobiography
authorative	authoritative
authorites	authorities
authoritive	authoritative
autochtonous	autochthonous
autoctonous	autochthonous
autor	author
autority	authority
auxillaries	auxiliaries
auxillary	auxiliary
auxilliaries	auxiliaries
auxilliary	auxiliary
availabe	available
availiable	available
availible	available
avalable	available
avalance	avalanche
avaliable	available
avalible	available
avation	aviation
averageed	averaged
averege	average
awarness	awareness
awsome	awesome
awya	away
bacame	became
backpeddle	backpedal
backround	background
backruptcy	bankruptcy
bacome	became
badmiton	badminton
badmitton	badminton
baised	based
bakc	back
balence	balance
baleout	bailout
ballest	ballast
bandwith	bandwidth
bankrupcy	bankruptcy
bannana	banana
baord	board
baout	about
barbituate	barbiturate
barnsely	barnsley
basicaly	basically
basicly	basically
basist	bassist
batallion	battalion
bauk	balk
bcak	back
beacame	became
beacause	because
beacuse	because
beared	bared
bearly	barely
beastiality	bestiality
beated	beat
beatiful	beautiful
beaurocracy	bureaucracy
beaurocrat	bureaucrat
beautifull	beautiful
beautifuly	beautifully
beautyfull	beautiful
becamae	became
becamed	became
becase	because
becasue	because
becomed	became
becomeing	becoming
becomming	becoming
becouse	because
becuase	because
beeen	been
beeing	being
beetween	between
beetwen	between
befoer	before
befor	before
beggin	begging
begginer	beginner
beggining	beginning
begginning	beginning
begining	beginning
beginnig	beginning
behavour	behavior
beign	begin
beigns	begins
bejing	beijing
beleagured	beleaguered
beleave	believe
beleif	belief
beleive	believe
belguim	belgium
believeable	believable
belive	believe
beliver	believer
beliving	believing
bellweather	bellwether
benefical	beneficial
beneficary	beneficiary
bengahzi	benghazi
benificial	beneficial
benifit	benefit
benifits	benefits
bennefit	benefit
beofer	before
beofre	before
bereau	bureau
bergamont	bergamot
bernouilli	bernoulli
beseige	besiege
beserk	berserk
besetted	beset
beteen	between
bettween	between
betweeen	between
betwen	between
bianual	biannual
bieng	being
bilateraly	bilaterally
bilbliography	bibliography
binded	bound
bited	bit
biten	bitten
biulding	building
blaim	blame
blaimed	blamed
blatent	blatant
bleeded	bled
blitzkreig	blitzkrieg
bloosom	blossom
blossem	blossom
blowed	blew
boaut	bout
bodly	bodily
bondary	boundary
bonnano	bonanno
borded	boarded
borther	bother
boths	booths
boundries	boundaries
boundry	boundary
bouyancy	buoyancy
bouyant	buoyant
boyant	buoyant
boyfreind	boyfriend
brakedown	breakdown
brakish	brackish
brang	brought
brasillian	brazilian
brazillian	brazilian
brdige	bridge
breaked	beaked
breakthough	breakthrough
breeded	bred
breif	brief
breifcase	briefcase
breifly	briefly
bribary	bribery
brigandier	brigadier
briliant	brilliant
brillance	brilliance
bringed	brought
britan	britain
britian	britain
brittain	britain
brittish	british
broady	broadly
brodcast	broadcast
broght	brought
broked	broke
brung	brought
brussells	brussels
buget	budget
buiding	building
buidling	building
builded	built
buildng	building
builiding	building
buisness	business
bulding	building
buliding	building
bulliten	bulletin
buriel	burial
buring	burin
burrial	burial
burried	buried
burrying	burying
busines	business
busineses	business
busness	business
bussines	business
bussiness	business
buyed	bought
cacaphonous	cacophonous
cacaphony	cacophony
caffiene	caffeine
calandar	calendar
calander	calendar
calibur	caliber
califronia	california
califronian	californian
caligraphy	calligraphy
caluclate	calculate
caluclated	calculated
caluculate	calculate
caluculated	calculated
calulate	calculate
calulated	calculated
cambrige	cambridge
cameraderie	camaraderie
camerman	cameraman
camoflage	camouflage
campain	campaign
camraderie	camaraderie
canadaian	canadian
canadain	canadian
candadate	candidate
canidate	candidate
cannonical	canonical
cannotation	connotation
cannotations	connotations
canoing	canoeing
caost	coast
caperbility	capability
capitivity	captivity
captial	capital
captialize	capitalize
captian	captain
carachter	character
carcas	caracas
careing	caring
carismatic	charismatic
carmalite	carmelite
carniverous	carnivorous
carraige	carriage
carrear	career
carred	cared
carreer	career
carrer	career
carribbean	caribbean
carribean	caribbean
carring	caring
carryng	carrying
carthagian	carthaginian
carthographer	cartographer
cartilege	cartilage
cartilidge	cartilage
cartrige	cartridge
casette	cassette
casion	caisson
cassawory	cassowary
cassete	cassette
cassowarry	cassowary
casue	cause
casued	caused
casues	causes
casuing	causing
casulaty	casualty
catagories	categories
catagorise	categorise
catagorize	categorize
catagory	category
cataline	catalina
catalouge	catalogue
catched	caught
catchs	catches
catergory	category
caterpilar	caterpillar
cathegory	category
cathlic	catholic
catterpilar	caterpillar
catterpillar	caterpillar
cavarly	cavalry
ceasar	caesar
celcius	celsius
celeberate	celebrate
celebrites	celebrities
celibrate	celebrate
cementary	cemetery
cementery	cemetery
cemetarey	cemetery
cemetaries	cemeteries
cemetary	cemetery
cemetry	cemetery
cencus	census
censur	censor
centenial	centennial
centennary	centenary
centeral	central
centraly	centrally
centrifical	centrifugal
centruy	century
centuties	centuries
centuty	century
ceramacist	ceramicist
ceratin	certain
cerimonial	ceremonial
cerimonies	ceremonies
cerimonious	ceremonious
cerimony	ceremony
certainity	certainty
certian	certain
certifed	certified
cervial	cervical
challange	challenge
challanged	challenged
challanger	challenger
chamferred	chamfered
champange	champagne
chanage	change
changable	changeable
chapparal	chaparral
charachter	character
charachters	characters
characterstic	characteristic
charater	character
charaterized	characterised
charcter	character
chariman	chairman
charistics	characteristics
charolette	charlotte
chasr	chase
chattisgarh	chhattisgarh
cheif	chief
chemcial	chemical
chemcially	chemically
chemestry	chemistry
chemicaly	chemically
chhatisgarh	chhattisgarh
chidren	children
chieftan	chieftain
childbird	childbirth
childern	children
chineese	chinese
choclate	chocolate
choise	choice
choosed	chooses
choosen	chosen
chosed	chose
choses	chooses
chosing	choosing
chrismas	christmas
chronical	chronic
cieling	ceiling
cincinatti	cincinnati
cincinnatti	cincinnati
circiut	circuit
circuituous	circuitous
circumcized	circumcised
ciricuit	circuit
civillian	civilian
claer	clear
claerer	clearer
claerly	clearly
claimes	claims
claming	claiming
clasic	classic
clasical	classical
clasically	classically
classicaly	classically
classifed	classified
claustraphobia	claustrophobia
cleareance	clearance
clearence	clearance
clera	clear
clincial	clinical
clinicaly	clinically
closley	closely
coaltion	coalition
coefficent	coefficient
coerse	coerce
coform	conform
coinside	coincide
coinsidence	coincidence
colaboration	collaboration
colapse	collapse
colateral	collateral
colbalt	cobalt
collaberation	collaboration
colleciton	collection
collegate	collegiate
collegue	colleague
collegues	colleagues
collonade	colonnade
collonies	colonies
collony	colony
collosal	colossal
collum	column
collumn	column
coloquial	colloquial
comander	commander
comando	commando
comandos	commandos
comback	comeback
comemmorate	commemorate
comencement	commencement
comerce	commerce
comercially	commercially
comision	commission
comisioned	commissioned
comisioner	commissioner
comisioning	commissioning
comisions	commissions
comission	commission
comissioned	commissioned
comissioner	commissioner
comissioning	commissioning
comissions	commissions
comited	committed
comiting	committing
comitted	committed
comittee	committee
comitting	committing
commemerative	commemorative
commemmorate	commemorate
commerate	commemorate
commerating	commemorating
commeration	commemoration
commerative	commemorative
commerical	commercial
commerically	commercially
commericial	commercial
commericially	commercially
comming	coming
commision	commission
commisioned	commissioned
commisioner	commissioner
commisioning	commissioning
commisions	commissions
commited	committed
commitee	committee
commiting	committing
committe	committee
committies	committees
committment	commitment
committy	committee
commmemorated	commemorated
commongly	commonly
communciation	communication
communites	communities
communitys	communities
communty	community
communual	communal
compaired	compared
compairison	comparison
compareable	comparable
comparision	comparison
comparitive	comparative
comparitively	comparatively
comparsion	comparison
compatabilities	compatibilities
compatability	compatibility
compatable	compatible
compatablities	compatibilities
compatablity	compatibility
compatiblities	compatibilities
compatiblity	compatibility
compeet	compete
compeeting	competing
competance	competence
competant	competent
competative	competitive
competion	competition
competiting	competing
competiton	competition
competive	competitive
competively	competitively
competor	competitor
comphrehensive	comprehensive
compilate	compile
compitent	competent
complaintant	complainant
completly	completely
complier	compiler
comprimise	compromise
comprimize	compromise
compromize	compromise
compution	computation
comradarie	camaraderie
comraderie	camaraderie
comunication	communication
comunity	community
conbined	combined
concecutive	consecutive
concensus	consensus
concide	coincide
concider	consider
concidered	considered
conciders	considers
concience	conscience
concientious	conscientious
concieve	conceive
concious	conscious
conciously	consciously
conciousness	consciousness
conctete	concrete
conctrete	concrete
concurent	concurrent
concuring	concurring
concurr	concur
concusion	conclusion
condem	condemn
condemed	condemned
condemm	condemn
condemmed	condemned
condidtion	condition
condidtions	conditions
conducter	conductor
condusive	conducive
conection	connection
conferance	conference
confered	conferred
conferr	confer
confidance	confidence
confidental	confidential
confidentally	confidentially
confrence	conference
confrim	confirm
congradulate	congratulate
congradulations	congratulations
congresional	congressional
conived	connived
conjecutre	conjecture
conjour	conjure
conneticut	connecticut
connotate	connote
conquerers	conquerors
consacrate	consecrate
conscent	consent
consdider	consider
consdidered	considered
consective	consecutive
consel	consul
consentrate	concentrate
consentrated	concentrated
consentrates	concentrates
consept	concept
consern	concern
conserned	concerned
conserning	concerning
conservate	conserve
conservitive	conservative
consession	concession
considerated	considered
considerd	considered
consistancy	consistency
consistant	consistent
consistantly	consistently
consituencies	constituencies
consituency	constituency
consitution	constitution
consitutional	constitutional
consolodate	consolidate
consolodated	consolidated
consonent	consonant
consonents	consonants
consorcium	consortium
conspicious	conspicuous
consquently	consequently
constaints	constraints
constanly	constantly
constatn	constant
constituant	constituent
constituants	constituents
constituion	constitution
constituional	constitutional
constuction	construction
consumate	consummate
consumated	consummated
contageous	contagious
contaiminate	contaminate
containes	contains
contamporaries	contemporaries
contamporary	contemporary
contemporaneus	contemporaneous
contempory	contemporary
contension	contention
contestent	contestant
contigent	contingent
continious	continuous
continiued	continued
continous	continuous
continously	continuously
continueing	continuing
continum	continuum
continuos	continuous
continuty	continuity
contious	continuous
contolled	controlled
contracter	contractor
contravercial	controversial
contraversial	controversial
contraversy	controversy
contributer	contributor
contributers	contributors
contributery	contributory
controled	controlled
controler	controller
controling	controlling
controll	control
controlls	controls
controvercial	controversial
controvercy	controversy
controveries	controversies
controversey	controversy
controvertial	controversial
controvery	controversy
conveinent	convenient
convenant	covenant
conveniant	convenient
convential	conventional
conventionaly	conventionally
conventry	coventry
convergance	convergence
convergant	convergent
conversate	converse
conversley	conversely
conversly	conversely
convertable	convertible
convertion	conversion
convetional	conventional
convienient	convenient
convinient	convenient
cooly	coolly
coordiantion	coordination
coorperation	cooperation
coporation	corporation
corespond	correspond
corode	corrode
corosion	corrosion
corparate	corporate
corparation	corporation
corperate	corporate
corperation	corporation
correlary	corollary
correponding	corresponding
correposding	corresponding
correspondance	correspondence
correspondet	correspondent
corrispond	correspond
corrispondant	correspondent
corrispondants	correspondents
corrisponded	corresponded
corrisponding	corresponding
corrisponds	corresponds
costitution	constitution
coudl	could
coudn't	couldn't
counceling	counseling
councelling	counseling
councellor	councillor
countain	contain
coururier	courier
cout	court
coverted	converted
cowtow	kowtow
cpoy	coy
craftly	craftily
creaeted	created
cresent	crescent
crimnal	criminal
cristened	christened
critcal	critical
critereon	criterion
criticaly	critically
criticists	critics
critiscise	criticise
critiscism	criticism
critiscize	criticize
critise	criticise
critisise	criticise
critisism	criticism
critisize	criticise
critize	criticise
crucifiction	crucifixion
crusies	cruises
cryed	cried
cuase	cause
culiminating	culminating
cultery	cutlery
cumulatative	cumulative
curent	current
curiousity	curiosity
currasow	curassow
currenly	currently
curretly	currently
currrent	current
cxan	can
dael	deal
dalmation	dalmatian
damageing	damaging
damenor	demeanor
dammage	damage
danceing	dancing
dangerious	dangerous
dardenelles	dardanelles
daschund	dachshund
daugher	daughter
daugter	daughter
daugther	daughter
dcember	december
deactive	deactivate
dealed	dealt
deam	deem
debateable	debatable
debute	debut
decadance	decadence
decathalon	decathlon
decemeber	december
decemer	december
decend	descend
decendant	descendant
decendent	descendant
decideable	decidable
decidely	decidedly
decidly	decidedly
decieve	deceive
decmeber	december
decomposit	decompose
decomposited	decomposed
decompositing	decomposing
decomposits	decomposes
decrepid	decrepit
decribe	describe
decribing	describing
decription	description
decypher	decipher
decyphered	deciphered
defecit	deficit
defencive	defensive
defendent	defendant
defendor	defender
deffine	define
deffined	defined
deffinite	definite
deffinition	definition
definance	defiance
definate	definite
definately	definitely
definatly	definitely
definetly	definitely
definit	definite
definitley	definitely
definitly	definitely
definiton	definition
defintion	definition
defuncted	defunct
degredation	degradation
degress	degrees
deites	deities
delagate	delegate
delapidate	dilapidate
demcember	december
demenor	demeanor
deminish	diminish
denegrating	denigrating
dependancy	dependency
deram	dram
derivated	derived
deriviated	derived
deriviative	derivative
derogitory	derogatory
descision	decision
descisions	decisions
descuss	discuss
desease	disease
desend	descend
desgin	design
desginate	designate
desgined	designed
deside	decide
designes	designs
desimination	dissemination
desinged	designed
desinger	designer
desintegrated	disintegrated
desintegration	disintegration
desireable	desirable
desirible	desirable
desolution	dissolution
desolve	dissolve
desparately	desperately
desparation	desperation
despiration	desperation
desribe	describe
desription	description
dessicated	desiccated
dessication	desiccation
dessigned	designed
destinct	distinct
destinction	distinction
destory	destroy
destoryer	destroyer
detachement	detachment
detailled	detailed
detatch	detach
detatched	detached
detatchment	detachment
deterance	deterrence
deterant	deterrent
deterence	deterrence
deterent	deterrent
deteriation	deterioration
determing	determining
determinining	determining
deterrance	deterrence
deterrant	deterrent
detrement	detriment
detremental	detrimental
detriot	detroit
develope	develop
developement	development
developemet	development
developped	developed
developper	developer
develp	develop
devember	december
devestate	devastate
devestation	devastation
devide	divide
devision	division
devistate	devastate
devistation	devastation
devolopement	development
devolopment	development
devolopped	developed
diad	dyad
diadic	dyadic
dialation	dilation
dialouge	dialog
diciple	disciple
dicision	decision
dicover	discover
dicovered	discovered
dicovering	discovering
dicovery	discovery
dicuss	discuss
dicussion	discussion
didnt	didn't
diea	idea
dieing	dying
diesal	diesel
dieties	deities
diety	deity
diference	difference
diferent	different
diferrent	different
differant	different
differnt	different
diffrent	different
dificult	difficult
dificulties	difficulties
dificulty	difficulty
digitaly	digitally
dignatary	dignitary
dilletante	dilettante
dilligence	diligence
dilligent	diligent
dillute	dilute
dimenion	dimension
dimention	dimension
dimentional	dimensional
diminuation	diminution
diminuative	diminutive
diminuition	diminution
diminuitive	diminutive
dimished	diminished
dimishes	diminishes
dimunitive	diminutive
dinasty	dynasty
diphtong	diphthong
diphtongs	diphthongs
diplay	display
diplayed	displayed
diptheria	diphtheria
dipthong	diphthong
dipthongs	diphthongs
direcly	directly
directon	direction
dirived	derived
disabilites	disabilities
disapear	disappear
disapoint	disappoint
disapointment	disappointment
disappearence	disappearance
disaproval	disapproval
disaprove	disapprove
disasterous	disastrous
disatisfaction	dissatisfaction
disatisfied	dissatisfied
discoveres	discovers
discoverey	discovery
discrepency	discrepancy
discribe	describe
discribed	described
discribes	describes
discribing	describing
discription	description
disctinction	distinction
disctinctive	distinctive
disect	bisect
disection	bisection
disemination	dissemination
disenchanged	disenchanted
disfunctional	dysfunctional
disobediance	disobedience
disobediant	disobedient
disolution	dissolution
disolve	dissolve
dispair	despair
disparingly	despairingly
dispence	dispense
dispenced	dispensed
dispencing	dispensing
dispensery	dispensary
disperate	desperate
dispicable	despicable
dispite	despite
disputandem	disputandum
dissagreement	disagreement
dissapear	disappear
dissapearance	disappearance
dissapeared	disappeared
dissapearing	disappearing
dissapoint	disappoint
dissapointed	disappointed
dissapointment	disappointment
dissappear	disappear
dissappears	disappears
dissappointed	disappointed
dissappointment	disappointment
dissarray	disarray
dissobediance	disobedience
dissobediant	disobedient
dissobedience	disobedience
dissobedient	disobedient
dissoluted	dissolved
distict	distinct
distiction	distinction
distilation	distillation
distingish	distinguish
distingished	distinguished
distingishes	distinguishes
distirb	disturb
distopia	dystopia
distrct	district
distroy	destroy
distrub	disturb
distrubed	disturbed
distruction	destruction
distructive	destructive
diversed	diverse
divice	device
dividied	divided
divinition	divination
divised	devised
divison	division
divisons	divisions
doccument	document
doccumented	documented
doctorial	doctoral
documentery	documentary
documentry	documentary
doed	did
doens	does
doign	doing
dominent	dominant
dominiant	dominant
doned	done
donig	doing
dorment	dormant
doub	daub
dozend	dozen
draftman	draftsman
dramtic	dramatic
draughtman	draughtsman
dravadian	dravidian
drawed	drawn
dreasm	dreams
driectly	directly
drinked	drank
drived	derived
drnik	drink
droped	dropped
druing	during
druming	drumming
drunkeness	drunkenness
dryed	dried
duaghter	daughter
duely	duly
dugged	dug
dukeship	dukedom
durring	during
dyas	dryas
eached	each
ealier	earlier
ealiest	earliest
eariler	earlier
earler	earlier
eary	early
easiliy	easily
easly	early
eastermost	easternmost
eated	ate
eccessive	excessive
ecclectic	eclectic
ecclesiatic	ecclesiastic
ecclesiatical	ecclesiastical
ecclestiastical	ecclesiastical
ecidious	deciduous
eclectric	eclectic
eclispe	eclipse
ecomonic	economic
ecomony	economy
econoimic	economic
ecstacy	ecstasy
editior	editor
edtion	edition
eductional	educational
eeking	eking
eerieness	eeriness
effeciency	efficiency
effecient	efficient
efficency	efficiency
efficent	efficient
efford	effort
effords	efforts
effulence	effluence
eigth	eight
elaborite	elaborate
electic	eclectic
electon	election
electorial	electoral
electrial	electrical
electricly	electrically
electricty	electricity
elemantary	elementary
eleminated	eliminated
eleminating	eliminating
eles	eels
eletronic	electronic
elicided	elicited
eligability	eligibility
elimentary	elementary
ellusive	elusive
elphant	elephant
embarass	embarrass
embarassed	embarrassed
embarassing	embarrassing
embarassment	embarrassment
embarras	embarrass
embarrased	embarrassed
embarrasing	embarrassing
embarrasment	embarrassment
embeded	embedded
embelish	embellish
embelishment	embellishment
embezelled	embezzled
eminate	emanate
emited	emitted
emiter	emitter
emiting	emitting
emition	emission
emitt	emit
emmediately	immediately
emmense	immense
emmigrant	emigrant
emmigrated	emigrated
emminent	eminent
emminently	eminently
emmisaries	emissaries
emmisarries	emissaries
emmisarry	emissary
emmisary	emissary
emmision	emission
emmission	emission
emmited	emitted
emmiting	emitting
emmitted	emitted
emmitting	emitting
emnity	enmity
empahsis	emphasis
empahsize	emphasize
empede	impede
emperical	empirical
emphysyma	emphysema
empirial	empirical
empound	impound
empoundment	impoundment
enbankment	embankment
enchancement	enhancement
encorperate	incorporate
encorporate	incorporate
encouter	encounter
encoutner	encounter
encrease	increase
encryptiion	encryption
encyclopeadia	encyclopaedia
encyclpedia	encyclopaedia
endeaver	endeavor
endevor	endeavor
endevour	endeavor
endolithes	endoliths
endurace	endurance
ened	need
enemey	enemy
engeneer	engineer
engeneering	engineering
engieneer	engineer
engieneers	engineers
engineeer	engineer
engineeering	engineering
enginer	engineer
enity	entity
enivoriment	environment
enlargment	enlargement
enlish	english
enought	enough
enourmous	enormous
enourmously	enormously
enrole	enrol
enrolement	enrollment
enteprise	enterprise
enterance	entrance
enterpreneur	entrepreneur
enterprize	enterprise
entertainement	entertainment
entilted	entitled
entited	entitled
entites	entities
entitied	entitled
entrace	entrance
entred	entered
entrepeneur	entrepreneur
entrepeneurial	entrepreneurial
entrepeneurs	entrepreneurs
entrie	entire
enviorment	environment
enviormental	environmental
enviormentally	environmentally
enviorments	environments
enviornment	environment
enviornmental	environmental
enviornmentalist	environmentalist
enviornmentally	environmentally
enviornments	environments
enviroment	environment
enviromental	environmental
enviromentalist	environmentalist
enviromentally	environmentally
enviroments	environments
envoke	evoke
envolve	evolve
enxt	next
epiode	episode
epitomy	epitome
eposide	episode
epsiode	episode
eptitude	aptitude
equaly	equally
equilavent	equivalent
equilibium	equilibrium
equilibrum	equilibrium
equiped	equipped
equippment	equipment
equiptment	equipment
equitorial	equatorial
equivalant	equivalent
equivelant	equivalent
equivelent	equivalent
equivilant	equivalent
equivilent	equivalent
erally	orally
eratic	erratic
eraticly	erratically
erested	arrested
erradicate	eradicate
errect	erect
errode	erode
errosion	erosion
esctasy	ecstasy
esence	essence
esential	essential
esle	else
essencial	essential
essense	essence
essental	essential
essentialy	essentially
essentual	essential
essesital	essential
estabilish	establish
establised	established
establishement	establishment
estalbish	establish
ethose	ethos
ethymology	etymology
etnography	ethnography
euology	eulogy
euorpe	europe
euorpean	european
euphamism	euphemism
europian	european
europians	europeans
eurpean	european
eurpoean	european
evalution	evaluation
eventualy	eventually
eveyr	every
evidentally	evidently
exagerate	exaggerate
exagerated	exaggerated
exagerates	exaggerates
exagerating	exaggerating
exagerrate	exaggerate
exagerrates	exaggerates
exagerrating	exaggerating
examinate	examine
exampt	exempt
exasparated	exasperated
exaust	exhaust
excape	escape
excecute	execute
excecution	execution
excedded	exceeded
excede	exceed
excelent	excellent
excell	excel
excellance	excellence
excellant	excellent
excells	excels
excempt	exempt
excercise	exercise
excrutiating	excruciating
execpt	except
exelent	excellent
exellent	excellent
exept	except
exerbate	exacerbate
exerbated	exacerbated
exercice	exercise
exerpt	excerpt
exerternal	external
exhalt	exalt
exhaltation	exaltation
exhibtion	exhibition
exhilirate	exhilarate
exhorbitant	exorbitant
exhuast	exhaust
exhuberance	exuberance
exhuberant	exuberant
exibit	exhibit
exibition	exhibition
exisiting	existing
existance	existence
exmaple	example
exoskelaton	exoskeleton
expalin	explain
expantion	expansion
expecially	especially
expeling	expelling
expell	expel
expells	expels
expence	expense
experement	experiment
experiance	experience
experment	experiment
expidite	expedite
expirement	experiment
explaination	explanation
explane	explain
explicitely	explicitly
explination	explanation
exploitate	exploit
exploititive	exploitative
exscape	escape
exsist	exist
exsistance	existence
exsistence	existence
exstensive	extensive
extention	extension
extered	exerted
extint	extinct
extraterestrial	extraterrestrial
extraterrestial	extraterrestrial
extraterrestials	extraterrestrials
extravagence	extravagance
extravagent	extravagant
extremeophile	extremophile
extremley	extremely
extremly	extremely
extrordinarily	extraordinarily
extrordinary	extraordinary
eyar	year
eyars	years
fabruary	february
faciliate	facilitate
facilites	facilities
facillity	facility
facimile	facsimile
facinate	fascinate
facination	fascination
facsimilie	facsimile
faculity	facility
fairwell	farewell
faithfull	faithful
faling	failing
faliure	failure
falled	fallen
falsley	falsely
falsly	falsely
famalies	families
famaly	family
familar	familiar
familes	families
familiy	family
famouse	famous
fanatism	fanaticism
farenheit	fahrenheit
fascitious	facetious
fashism	fascism
fasinate	fascinate
fasion	fashion
fatalies	fatalities
fatalites	fatalities
fataly	fatally
fately	fatally
faulter	falter
feasability	feasibility
feasable	feasible
feauture	feature
febrary	february
febraury	february
februarz	february
februaury	february
februrary	february
februray	february
februsry	february
febuary	february
feburary	february
feburay	february
feburuary	february
federaly	federally
feeded	fed
feeled	felt
feirce	fierce
fenruary	february
ferbruary	february
ferbuary	february
ferburary	february
feromone	pheromone
feruary	february
ffrom	from
fianl	final
fianlly	finally
ficitional	fictional
ficticious	fictitious
fictious	fictitious
fictonal	fictional
fictous	fictitious
fidn	find
fiel	feel
fiels	feels
fiercly	fiercely
fighted	fought
filiament	filament
fillament	filament
filmaker	filmmaker
filmaking	filmmaking
finaly	finally
financialy	financially
finnally	finally
finnaly	finally
finnished	finished
finnisher	finisher
firend	friend
firey	fiery
firlm	firm
firt	first
firts	first
fith	fifth
fixure	fixture
flabergast	flabbergast
flacid	flaccid
flaged	flagged
fleed	fled
flemmish	flemish
flewn	flown
flexability	flexibility
flexable	flexible
flourescence	fluorescence
flourescent	fluorescent
flouride	fluoride
flourine	fluorine
flouroscopy	fluoroscopy
fluorish	flourish
fluroscopy	fluoroscopy
flury	flurry
fluxuate	fluctuate
focuse	focus
foilage	foliage
folicle	follicle
folow	follow
folowed	followed
folower	follower
folowing	following
fomer	former
fomerly	formerly
fomr	from
fonetic	phonetic
footware	footwear
forbidded	forbade
forcast	forecast
forcasted	forecast
forcasting	forecasting
forclose	foreclose
forclosure	foreclosure
forebad	forbad
forebade	forbade
forebid	forbid
forebidden	forbidden
forecasted	forecast
foreceps	forceps
forefeit	forfeit
forefiet	forfeit
forefieture	forfeiture
foreget	forget
foregive	forgive
forelese	forlese
forelorn	forlorn
foresake	forsake
foresaken	forsaken
foresook	forsook
foreward	foreword
forfiet	forfeit
forfieture	forfeiture
forgoe	forgo
forhead	forehead
foriegn	foreign
foriegner	foreigner
formalhaut	fomalhaut
formall	formal
formallize	formalize
formallized	formalized
formaly	formally
formated	formatted
formost	foremost
forrunner	forerunner
forsaw	foresaw
forseeable	foreseeable
forseen	foreseen
forshadow	foreshadow
forsight	foresight
forstall	forestall
fortell	foretell
fortunatly	fortunately
forumla	formula
forumlate	formulate
forunner	forerunner
forwarn	forewarn
forword	foreword
foudn	found
fougth	fought
foundaries	foundries
foundary	foundry
foundland	newfoundland
fourties	forties
fourty	forty
foward	forward
fragement	fragment
franfurt	frankfurt
fransiscan	franciscan
fransiscans	franciscans
frbruary	february
freezed	froze
freind	friend
freshmans	freshman's
friens	friends
frist	first
fromat	format
fromerly	formerly
fronteir	frontier
frontpiece	frontispiece
frontspiece	frontispiece
frought	fraught
frozed	frozen
fruiton	fruition
frustrum	frustum
frution	fruition
fued	feud
fuedal	feudal
fufill	fulfill
fullfil	fulfill
fullfill	fulfill
functionaly	functionally
fundamentaly	fundamentally
fundametal	fundamental
fundation	foundation
fundemental	fundamental
funtion	function
furhter	further
furhtermore	furthermore
furnature	furniture
furtile	fertile
furuther	further
fustrate	frustrate
futher	further
futhermore	furthermore
futhroc	futhark
gae	game
galatic	galactic
galations	galatians
ganster	gangster
garantee	guarantee
garanteed	guaranteed
garantees	guarantees
garisson	garrison
garrision	garrison
garrisson	garrison
gaurantee	guarantee
gauranteed	guaranteed
gaurantees	guarantees
gaurd	gourd
gaurdian	guardian
gaurentee	guarantee
gaurenteed	guaranteed
gaurentees	guarantees
genaral	general
genearl	general
geneologies	genealogies
geneology	genealogy
generaly	generally
generater	generator
generical	generic
genialia	genitalia
genisis	genesis
genreal	general
gentlemens	gentlemen's
geoffery	geoffrey
get's	gets
ghandi	gandhi
gibralter	gibraltar
girate	gyrate
girated	gyrated
girates	gyrates
girating	gyrating
giration	gyration
girlfreind	girlfriend
giude	guide
giult	guilt
give's	gives
gived	gave
giveing	giving
glamourous	glamorous
godess	goddess
godesses	goddesses
godounov	godunov
goerge	george
gogin	going
goign	going
gonig	going
gothenberg	gothenburg
gottleib	gottlieb
gouvener	governor
govenor	governor
goverment	government
govermental	governmental
governement	government
governer	governor
governmentaly	governmentally
govorment	government
govormental	governmental
grabed	grabbed
grabing	grabbing
gradualy	gradually
graet	great
graffitti	graffiti
grafitti	graffiti
gramatical	grammatic
gramatically	grammatically
gramattical	grammatical
grammaticaly	grammatically
grammer	grammar
granchild	grandchild
granchildren	grandchildren
grandaughter	granddaughter
grandure	grandeur
granfather	grandfather
granmother	grandmother
granparent	grandparent
granson	grandson
grat	great
gratefull	grateful
gratuitious	gratuitous
greately	greatly
greatful	grateful
greatfully	gratefully
greecian	grecian
greviance	grievance
grevious	grievous
gropu	group
growed	grew
grwo	grow
guaduloupe	guadalupe
guadulupe	guadalupe
guarentee	guarantee
guarenteed	guaranteed
guarentees	guarantees
guatamala	guatemala
guatamalan	guatemalan
guerrila	guerilla
guerrilas	guerillas
guidence	guidance
guilded	gilded
guilia	giulia
guiliani	giuliani
guilio	giulio
guiness	guinness
guiseppe	giuseppe
guitarrist	guitarist
gunanine	guanine
gurad	guard
guradian	guardian
gurantee	guarantee
guranteed	guaranteed
gurantees	guarantees
guttaral	guttural
habaeus	habeas
habbit	habit
habsbourg	habsburg
hace	have
haev	have
halfs	half's
hallowean	hallowe'en
handeled	handled
handfull	handful
hankerchief	handkerchief
hapen	happen
hapened	happened
hapening	happening
happend	happened
happended	happened
haras	harass
harased	harassed
harases	harasses
harasment	harassment
hardend	hardened
hardwear	hardware
harras	harass
harrased	harassed
harrases	harasses
harrasing	harassing
harrasment	harassment
harrass	harass
harrassed	harassed
harrasses	harasses
harrassing	harassing
harrassment	harassment
hastly	hastily
haveing	having
hayday	heyday
hazerdous	hazardous
headquarted	headquartered
headquarterd	headquartered
headquartes	headquarters
headquater	headquarter
headquatered	headquartered
headquaters	headquarters
heared	heard
hearthrob	heartthrob
heaviliy	heavily
heidelburg	heidelberg
heigher	higher
heighth	height
heigth	height
heirarchial	hierarchical
heirarchical	hierarchical
heirarchy	hierarchy
heiroglyphics	hieroglyphics
helded	held
helpfull	helpful
hemmorhage	hemorrhage
henious	heinous
heptathalon	heptathlon
her's	her
herad	heard
heresay	hearsay
hersuit	hirsute
hersute	hirsute
hertiage	heritage
hidding	hiding
hieght	height
hierachical	hierarchical
hierachies	hierarchies
hierachy	hierarchy
hierarchial	hierarchical
hierarcical	hierarchical
hierarcy	hierarchy
hieroglph	hieroglyph
hieroglphs	hieroglyphs
higer	higher
higest	highest
highter	higher
hights	heights
hillarious	hilarious
hinderence	hindrance
hindrence	hindrance
hipopotamus	hippopotamus
hirsuit	hirsute
hismelf	himself
hisself	himself
histocompatability	histocompatibility
histroy	history
hitchs	hitches
hiting	hitting
hitory	history
hitted	hit
hoasted	hosted
hobbiest	hobbyist
hobbist	hobbyist
holded	held
hollistic	holistic
homocide	homicide
homogeneize	homogenize
homogeneized	homogenized
honarable	honorable
honory	honorary
honourarium	honorarium
honourific	honorific
hopefull	hopeful
hopefuly	hopefully
hopeing	hoping
hopfully	hopefully
horrifing	horrifying
hosptial	hospital
hostpital	hospital
housewifes	housewives
houshold	household
houskeeper	housekeeper
housr	hours
houswife	housewife
howver	however
htat	that
hte	the
hten	then
htere	there
htey	they
htikn	think
hting	thing
htink	think
htis	this
humer	humor
humerous	humorous
humoural	humoral
humourous	humorous
hundered	hundred
hurricaine	hurricane
husban	husband
hvae	have
hvaing	having
hvea	have
hwihc	which
hwile	while
hwole	whole
hydralic	hydraulic
hydropile	hydrophile
hydropilic	hydrophilic
hydropobe	hydrophobe
hydropobic	hydrophobic
hygeine	hygiene
hygene	hygiene
hygenic	hygienic
hygine	hygiene
hypocracy	hypocrisy
hypocrasy	hypocrisy
hypocricy	hypocrisy
hypocrit	hypocrite
hypocrits	hypocrites
hyptonize	hypnotize
iceburg	iceberg
iceing	icing
iconclastic	iconoclastic
idae	idea
idaes	ideas
idealogies	ideologies
idealogy	ideology
idealy	ideally
idenify	identify
idenity	identity
identicaly	identically
identicial	identical
identifed	identified
identifing	identifying
ideosyncratic	idiosyncratic
idesa	ideas
ihaca	ithaca
iin	in
ilegally	illegally
illegaly	illegally
illegimacy	illegitimacy
illegimate	illegitimate
illegitmate	illegitimate
illict	illicit
illionis	illinois
illution	illusion
ilogical	illogical
ilumination	illumination
imagenary	imaginary
imagin	imagine
imaginery	imaginary
imanent	eminent
imediate	immediate
imense	immense
imigrant	emigrant
imigrate	emigrate
imigration	emigration
iminent	emanant
immagination	imagination
immediatelly	immediately
immediatley	immediately
immediatly	immediately
immensley	immensely
immensly	immensely
immidately	immediately
immidiately	immediately
immitate	imitate
immitation	imitation
immitator	imitator
immunosupressant	immunosuppressant
immuntable	immutable
imoral	immoral
impare	impair
impass	impasse
impedence	impedance
imperic	empiric
imperical	empiric
imperically	empirically
impliment	implement
imporatnt	important
importan	important
impove	improve
impressario	impresario
improvision	improvisation
improvment	improvement
inaccessable	inaccessible
inact	enact
inadvertant	inadvertent
inappropiate	inappropriate
inapropriate	inappropriate
inate	innate
inaugrate	inaugurate
inaugure	inaugurate
inaugures	inaugurates
inbalance	imbalance
inbalanced	imbalanced
incidential	incidental
incidently	incidentally
incinuate	insinuate
includeing	including
incompatabilities	incompatibilities
incompatability	incompatibility
incompatable	incompatible
incompatablities	incompatibilities
incompatablity	incompatibility
incompatiblities	incompatibilities
incompatiblity	incompatibility
incompetance	incompetence
incompetant	incompetent
inconsistancy	inconsistency
inconsistant	inconsistent
incorperate	incorporate
incorperation	incorporation
incorruptable	incorruptible
increadible	incredible
incredable	incredible
increse	increase
inctroduce	introduce
inctroduced	introduced
incuding	including
incumbancy	incumbency
incumbant	incumbent
incunabla	incunabula
indefinately	indefinitely
indefinitly	indefinitely
indempotent	idempotent
indentification	identification
indentified	identified
indentifying	identifying
indepedantly	independently
indepedence	independence
indepence	independence
independantly	independently
independece	independence
independient	independent
indepent	independent
indepently	independently
indipendent	independent
indipendently	independently
indispensible	indispensable
indisputible	indisputable
indisputibly	indisputably
individial	individual
indpendent	independent
indpendently	independently
indulgue	indulge
indurance	endurance
indure	endure
indutrial	industrial
inevatible	inevitable
inevitible	inevitable
infanty	infantry
infectuous	infectious
infinate	infinite
infinit	infinite
inflamation	inflammation
inflamatory	inflammatory
inflammed	inflamed
influencial	influential
influental	influential
influented	influenced
infomation	information
inforamtion	information
infromation	information
ingreediants	ingredients
inhabitate	inhabit
inheret	inherit
inheritage	heritage
inherrent	inherent
inicial	initial
iniciate	initiate
inital	initial
initate	initiate
initation	initiation
initative	initiative
initator	initiator
initiatve	initiative
initiially	initially
inititive	initiative
injuiry	injury
injuried	injured
injurys	injuries
inlcude	include
inlude	include
inmigrant	immigrant
inmigrate	immigrate
inmigration	immigration
innappropriate	inappropriate
innaugurate	inaugurate
innauguration	inauguration
innundate	inundate
innundated	inundated
innundation	inundation
inocence	innocence
inot	into
inovation	innovation
inovative	innovative
inpact	impact
inpeach	impeach
inpolite	impolite
inpose	impose
inprisonment	imprisonment
inpsired	inspired
inquierer	inquirer
inroll	enroll
inseperable	inseparable
insident	incident
insistance	insistence
insistant	insistent
insititute	institute
insitution	institution
insitutions	institutions
insoluable	insoluble
insperation	inspiration
instade	instead
instalation	installation
instatance	instance
instilation	installation
instructer	instructor
insue	ensue
insufficent	insufficient
insufficently	insufficiently
insurence	insurance
intallment	installment
intallments	installments
intefere	interfere
intelectual	intellectual
inteligence	intelligence
inteligent	intelligent
intented	intended
interbread	interbreed
interchangable	interchangeable
interchangably	interchangeably
intered	interred
interegnum	interregnum
interelated	interrelated
interfear	interfere
interfearance	interference
interfearing	interfering
interferance	interference
intergral	integral
intergrate	integrate
intergrated	integrated
intergration	integration
intermidiary	intermediary
intermidiate	intermediate
intermitant	intermittent
intermitent	intermittent
intermittant	intermittent
internaly	internally
internation	international
internationaly	internationally
interogation	interrogation
interoir	interior
interor	interior
interpet	interpret
interpetation	interpretation
interpretate	interpret
interprete	interpret
interpretion	interpretation
interpretions	interpretations
interpretor	interpreter
interpretted	interpreted
interregum	interregnum
interrior	interior
interrugum	interregnum
interruptable	interruptible
interseted	interested
interst	interest
intersted	interested
intersting	interesting
intertaining	entertaining
interupt	interrupt
interupted	interrupted
interuption	interruption
intesity	intensity
intial	initial
intially	initially
intiative	initiative
intice	entice
intigrate	integrate
intital	initial
intitial	initial
intoduce	introduce
intorduce	introduce
intregal	integral
intrical	integral
intrim	interim
introduct	induct
introduse	introduce
intruction	instruction
intrust	entrust
inturrupt	interrupt
intution	intuition
intutive	intuitive
intutively	intuitively
inuendo	innuendo
inumerable	enumerable
invarience	invariance
invarient	invariant
inventer	inventor
inversly	inversely
invertabrate	invertebrate
invertibrate	invertebrate
invertion	inversion
invester	investor
invole	involve
involement	involvement
involment	involvement
involvment	involvement
invovle	involve
irelevent	irrelevant
iresistable	irresistible
iresistably	irresistibly
iresistible	irresistible
iresistibly	irresistibly
iritable	irritable
iritate	irritate
ironicaly	ironically
ironicly	ironically
irrelavent	irrelevant
irrelevent	irrelevant
irrevelant	irrelevant
irreverant	irreverent
israelies	israelis
israely	israeli
isreal	israel
isreali	israeli
isrealite	israelite
itenerant	itinerant
itinery	itinerary
itlay	italy
its's	it's
itsself	itself
iwll	will
jamacia	jamaica
jamuary	january
janauary	january
januart	january
janurary	january
januray	january
janusry	january
janyary	january
japaneese	japanese
japanes	japanese
jauary	january
jaunary	january
jauuary	january
jeapardy	jeopardy
jersualem	jerusalem
jewler	jeweler
jewlrey	jewellery
jharkand	jharkhand
jnauary	january
jnuary	january
johanine	johannine
johsnon	johnson
jorunal	journal
jospeh	joseph
journies	journeys
journy	journey
jstu	just
jsut	just
juadaism	judaism
juadism	judaism
juction	junction
judical	judicial
judisuary	judiciary
juniour	junior
junoir	junior
juntion	junction
jurisdication	jurisdiction
kabbadi	kabaddi
keeped	kept
keybord	keyboard
killogram	kilogram
killometer	kilometer
killometre	kilometre
kindergarden	kindergarten
kingdon	kingdom
kinoscope	kinescope
knitpick	nitpick
knive	connive
know's	knows
knowed	knew
knowldge	knowledge
knowlege	knowledge
knowlegeable	knowledgeable
knwo	know
knwos	knows
konw	know
labaratory	laboratory
labatory	laboratory
lable	label
labratory	laboratory
ladden	laden
laguage	language
lamda	lambda
landscapping	landscaping
langauge	language
languise	languish
languistic	linguistic
lanscape	landscape
lanugage	language
laparascopic	laparoscopic
largets	largest
largley	largely
largly	largely
larnyx	larynx
lastest	last
latancy	latency
latchs	latch's
lateley	lately
lateraly	laterally
latern	lantern
latley	lately
lattitude	latitude
lauch	launch
launchs	launches
laundrymat	laundromat
lavae	larvae
layed	laid
leanr	lean
leasure	leisure
leauge	league
ledgend	legend
ledgendary	legendary
ledgislate	legislate
ledgislation	legislation
ledgislative	legislative
ledgislator	legislator
legaly	legally
legimate	legitimate
legistlate	legislate
legistlation	legislation
legistlative	legislative
legistlator	legislator
legitamate	legitimate
legnth	length
lenght	length
lenghten	lengthen
lenghty	lengthy
lense	lens
lenth	length
lept	leaped
leran	learn
lerans	learns
lernt	learned
leutenant	lieutenant
levetate	levitate
levle	level
lexion	lexicon
liason	liaison
libarary	library
libary	library
libell	libel
libguistic	linguistic
libguistics	linguistics
lible	libel
lieing	lying
liek	like
liekd	liked
liesure	leisure
lieutentant	lieutenant
likelyhood	likelihood
likley	likely
lillies	lilies
linconshire	lincolnshire
lingustic	linguistic
liscence	licence
liscense	license
lisence	licence
lisense	licence
litature	literature
literaly	literally
literture	literature
littany	litany
littel	little
litteral	literal
litterature	literature
liturature	literature
liuke	like
livley	lively
loacted	located
localy	locally
locamotive	locomotive
loction	location
loev	love
logicaly	logically
lonelyness	loneliness
lonley	lonely
lonleyness	loneliness
lonliness	loneliness
lonly	lonely
loosley	loosely
loosly	loosely
losed	lost
loseing	losing
lousiana	louisiana
lovley	lovely
lsot	lost
lthe	the
lubrification	lubrication
luckly	luckily
luekemia	leukemia
lukemia	leukemia
luxary	luxury
lveo	love
lvoe	love
mabye	maybe
mackeral	mackerel
magent	magnet
magentic	magnetic
magestic	majestic
magicaly	magically
magnant	magnate
magnificient	magnificent
magolia	magnolia
maimi	miami
mainfest	manifest
mainley	mainly
maintainance	maintenance
maintainence	maintenance
maintaing	maintaining
maintance	maintenance
maintanence	maintenance
maintence	maintenance
maintenence	maintenance
maintinance	maintenance
maintioned	mentioned
majiscule	majuscule
maked	marked
makeing	making
makse	makes
maltesian	maltese
mamal	mammal
mamalian	mammalian
managable	manageable
managament	management
manageral	managerial
managment	management
manditory	mandatory
maneover	maneuver
maneovre	manoeuvre
mangement	management
mangerial	managerial
manhatten	manhattan
manifestion	manifestation
manouver	maneuver
manouverability	maneuverability
manouverable	maneuverable
manouvers	maneuvers
manuever	maneuver
manuevers	maneuvers
manufature	manufacture
manuver	maneuver
maountain	mountain
marchs	marches
margain	margin
margine	margin
maried	married
marixist	marxist
marjority	majority
marketting	marketing
marrage	marriage
marraige	marriage
marrige	marriage
marryed	married
marryied	married
marshmellow	marshmallow
masonary	masonry
masonery	masonry
massachussets	massachusetts
massachussetts	massachusetts
masterbation	masturbation
mathamatics	mathematics
matheticians	mathematicians
mathmatician	mathematician
mathmatics	mathematics
maximalize	maximize
maximium	maximum
mayorial	mayoral
meaing	meaning
meaned	meant
meaningfull	meaningful
mear	mare
mearly	merely
measurment	measurement
mecanical	mechanical
mechandise	merchandise
mechanisim	mechanism
medacine	medicine
medeival	mediaeval
medeval	mediaeval
mediciney	mediciny
medicore	mediocre
medievel	mediaeval
mediteranean	mediterranean
medival	mediaeval
meeet	meet
meerkrat	meerkat
membranaphone	membranophone
memeber	member
memmory	memory
menstration	menstruation
mentaly	mentally
mentiones	mentions
mentionned	mentioned
meranda	miranda
mercernary	mercenary
messanger	messenger
metalic	metallic
metalicity	metallicity
metalurgic	metallurgic
metalurgical	metallurgical
metalurgy	metallurgy
metamorphysis	metamorphosis
meterology	meteorology
metorology	meteorology
metropolian	metropolitan
michagan	michigan
michgian	michigan
mileau	milieu
milennia	millennia
milennium	millennium
mileu	milieu
milion	million
militairy	military
millenia	millennia
millenium	millennium
millepede	millipede
millitary	military
miltary	military
mimickry	mimicry
miminal	minimal
miminum	minimum
minature	miniature
minerological	mineralogical
minerologist	mineralogist
minerology	mineralogy
minimalise	minimise
minimalize	minimize
minimium	minimum
miniscule	minuscule
ministery	ministry
ministy	ministry
miniture	miniature
minning	mining
mintues	minutes
miriad	myriad
miricle	miracle
miscelaneous	miscellaneous
miscellanious	miscellaneous
miscellanous	miscellaneous
mischeivous	mischievous
mischevious	mischievous
mischievious	mischievous
misdameanor	misdemeanor
misdameanors	misdemeanors
misdemenor	misdemeanor
misdemenors	misdemeanors
misile	missile
misouri	missouri
missisipi	mississippi
missisippi	mississippi
mississipi	mississippi
missle	missile
misstaken	mistaken
missunderstand	misunderstand
missuse	misuse
misterious	mysterious
mistery	mystery
misteryous	mysterious
mixted	mixed
mkae	make
mkaes	makes
mkaing	making
mkea	make
moccassins	moccasins
moderatley	moderately
moderatly	moderately
modfied	modified
modifaction	modification
modifed	modified
modle	model
moent	moment
moeny	money
mollest	molest
momento	memento
monacco	monaco
monastry	monastery
monestaries	monasteries
monestary	monastery
moniter	monitor
monolite	monolithic
monserrat	montserrat
montypic	monotypic
moraly	morally
morgage	mortgage
morrocco	morocco
motiviated	motivated
mountanous	mountainous
movei	movie
moveing	moving
mroe	more
mucuous	mucous
muder	murder
muderer	murderer
mudering	murdering
mueseum	museum
mulitplayer	multiplayer
mulitple	multiple
mulitply	multiply
multiplyed	multiplied
muncipalities	municipalities
muncipality	municipality
municipalites	municipalities
municipalties	municipalities
municipalty	municipality
municipaly	municipality
muscels	mussels
muscial	musical
musicaly	musically
musican	musician
musicial	musical
musseum	museum
musuem	museum
mutiple	multiple
mutiplication	multiplication
mutiply	multiply
mutualy	mutually
myraid	myriad
mysef	myself
mysogynist	misogynist
mysogynistic	misogynistic
mysogyny	misogyny
mysterous	mysterious
nacent	nascent
naivity	naivety
napoleonian	napoleonic
narate	narrate
narative	narrative
narow	narrow
nascient	nascent
nationalites	nationalities
nationaly	nationally
natrual	natural
natual	natural
natuarlly	naturally
naturaly	naturally
naturely	naturally
naturual	natural
naturually	naturally
navagation	navigation
naviagation	navigation
nazereth	nazareth
nearbye	nearby
neccesarily	necessarily
neccesary	necessary
neccessarily	necessarily
neccessary	necessary
necesarily	necessarily
necesary	necessary
negativley	negatively
negativly	negatively
negitive	negative
negitivity	negativity
neglible	negligible
negligable	negligible
negociate	negotiate
negotation	negotiation
negotiater	negotiator
neice	nice
neigbor	neighbour
neigbour	neighbour
neigbouring	neighbouring
neigbours	neighbours
neighboor	neighbour
nessacary	necessary
nessasarily	necessarily
nessecary	necessary
netherland's	netherlands
nethertheless	nevertheless
neuclear	nuclear
newely	newly
newletter	newsletter
newphew	nephew
nicname	nickname
nieghbor	neighbor
nieghborhood	neighborhood
nieghbour	neighbour
niether	neither
nigth	night
nineth	ninth
ninethly	ninthly
ninteen	nineteen
ninteenth	nineteenth
nintey	ninety
ninties	nineties
ninty	ninety
nitch	niche
nkow	know
nkwo	know
nobember	november
nocember	november
nomencalture	nomenclature
nonsence	nonsense
normaly	normally
northen	northern
northereastern	northeastern
northermost	northernmost
nortoriety	notoriety
nortorious	notorious
norweigan	norwegian
notariety	notoriety
noteable	notable
noteably	notably
noteriety	notoriety
notewothy	noteworthy
noth	north
nothern	northern
noticable	noticeable
noticably	noticeably
noticeing	noticing
noticible	noticeable
notorius	notorious
noveau	nouveau
novemeber	november
novemebr	november
novemer	november
novemnber	november
novemver	november
novermber	november
nowdays	nowadays
nto	not
nucular	nuclear
nuculear	nuclear
nuerological	neurological
nuerotic	neurotic
nuerotransmitter	neurotransmitter
nuetral	neutral
nuetrality	neutrality
nuetralize	neutralize
nuisanse	nuisance
nullabour	nullarbor
numberous	numerous
nuptual	nuptial
nuremburg	nuremberg
nusance	nuisance
obcene	obscene
obcenity	obscenity
obediance	obedience
obediant	obedient
obervation	observation
objetive	objective
obligue	oblige
obligued	obliged
observence	observance
observor	observer
obsolecence	obsolescence
obsolecense	obsolescence
obsolesence	obsolescence
obsolesense	obsolescence
obssession	obsession
obssessive	obsessive
obstacal	obstacle
obsticle	obstacle
ocasional	occasional
ocasionally	occasionally
ocasionaly	occasionally
ocasioned	occasioned
ocasions	occasions
ocassion	occasion
ocassional	occasional
ocassionally	occasionally
ocassioned	occasioned
ocassions	occasions
occaisonally	occasionally
occasionaly	occasionally
occasonal	occasional
occassion	occasion
occassional	occasional
occassionally	occasionally
occassionaly	occasionally
occassioned	occasioned
occassions	occasions
occour	occur
occurance	occurrence
occurances	occurrences
occured	occurred
occurence	occurrence
occurences	occurrences
occuring	occurring
occurr	occur
occurrance	occurrence
occurrances	occurrences
ocober	october
ocotber	october
octber	october
octoebr	october
octoer	october
octogon	octagon
octogonal	octagonal
octohedra	octahedra
octohedral	octahedral
octohedron	octahedron
octomber	october
octoner	october
octostyle	octastyle
octover	october
octpber	october
octuber	october
ocuntries	countries
ocuntry	country
ocupied	occupied
ocupy	occupy
ocurr	occur
ocurrance	occurrence
ocurred	occurred
ocurrence	occurrence
ocurring	occurring
ocurrs	occurs
oddites	oddities
odouriferous	odoriferous
odourous	odorous
offce	office
offcial	official
offcier	officer
offen	often
offendor	offender
offical	official
offically	officially
officaly	officially
officialy	officially
offshot	offshoot
oficial	official
oftenly	often
oftern	often
oging	going
okalahoma	oklahoma
olny	only
omision	omission
omited	omitted
omiting	omitting
omitt	omit
ommision	omission
ommission	omission
ommit	omit
ommited	omitted
ommiting	omitting
ommitted	omitted
ommitting	omitting
omniverous	omnivorous
omniverously	omnivorously
omre	more
onot	note
onyl	only
oparate	operate
opend	opened
openned	opened
operater	operator
opertion	operation
opertunity	opportunity
opinate	opine
opionion	opinion
opon	upon
oponent	opponent
oportunity	opportunity
opose	oppose
oposite	opposite
oposition	opposition
oppen	open
oppening	opening
opperation	operation
oppertunity	opportunity
oppinion	opinion
opponet	opponent
opportuinity	opportunity
opportunites	opportunities
opportunty	opportunity
opposit	opposite
oppotunity	opportunity
oppourtunity	opportunity
oppurtunity	opportunity
opress	oppress
opression	oppression
opressive	oppressive
opthalmic	ophthalmic
opthalmologist	ophthalmologist
opthalmology	ophthalmology
opthamologist	ophthalmologist
opthamology	ophthalmology
opthomologist	ophthalmologist
opthomology	ophthalmology
optomistic	optimistic
orchestera	orchestra
orchesteral	orchestral
orderes	ordered
orgainisation	organisation
orgainise	organise
orgainization	organization
orgainize	organize
organiation	organization
organical	organic
organim	organism
orgin	origin
orginal	original
orginally	originally
orginate	originate
orginise	organise
orginization	organization
orginize	organize
oriention	orientation
origanal	original
originaly	originally
originial	original
originiate	originate
originnal	original
originnally	originally
origional	original
orignal	original
orignate	originate
orignial	original
origonal	original
orthagonal	orthogonal
orthagonally	orthogonally
orthgonal	orthogonal
orthogonaly	orthogonally
otehr	other
otheres	others
ottaman	ottoman
ottowa	ottawa
ouevre	oeuvre
ouside	outside
oustanding	outstanding
oustide	outside
outake	outtake
outragous	outrageous
outter	outer
outweighted	outweighed
overan	overran
overated	overrated
overeach	overreach
overide	override
overlayed	overlaid
overode	overrode
overshaddowed	overshadowed
oversite	oversight
overule	overrule
overun	overrun
overwelming	overwhelming
oveture	overture
owrk	work
owudl	would
oxigen	oxygen
oximoron	oxymoron
oxyen	oxygen
paide	paid
palce	place
paliament	parliament
paliamentarian	parliamentarian
palistian	palestinian
palistinian	palestinian
palistinians	palestinians
pallete	palette
palyed	played
palyer	player
palying	playing
pamflet	pamphlet
pamplet	pamphlet
panal	panel
panarama	panorama
panicing	panicking
paniking	panicking
pantomine	pantomime
papanicalou	papanicolaou
paralel	parallel
paralell	parallel
paralelly	parallelly
paralely	parallelly
parallell	parallel
parallely	parallelly
paranthesis	parenthesis
paraphenalia	paraphernalia
parisitic	parasitic
parituclar	particular
parlament	parliament
parliment	parliament
parralel	parallel
parrallel	parallel
parrallell	parallel
parrallelly	parallelly
parrallely	parallelly
parseable	parsable
partecipate	participate
partialy	partially
partical	partial
particiapte	participate
particpant	participant
particpated	participated
particularily	particularly
partion	partition
partipate	participate
pased	paced
pasenger	passenger
pasrt	part
passanger	passenger
passtime	pastime
pasteries	pastries
pastorial	pastoral
pasttime	pastime
pastural	pastoral
pasturize	pasteurize
pattent	patent
pattented	patented
payler	player
peasent	peasant
pecular	peculiar
pecularity	peculiarity
pecularly	peculiarly
peculiarites	peculiarities
peculure	peculiar
peform	perform
peformance	performance
peice	piece
peleton	peloton
peloponnes	peloponnese
penatly	penalty
peninnsula	peninsula
penisula	peninsula
penisular	peninsular
penninsula	peninsula
penninsular	peninsular
pennisula	peninsula
pennsilvania	pennsylvania
pennsylvaina	pennsylvania
pennyslvania	pennsylvania
pensinsula	peninsula
pensylvania	pennsylvania
peom	poem
peopel	people
peotry	poetry
pepole	people
perameter	parameter
percepted	perceived
percieve	perceive
perculiar	peculiar
perfom	perform
perfomance	performance
perfoming	performing
performence	performance
performes	performed
perhasp	perhaps
perheaps	perhaps
perhpas	perhaps
peripathetic	peripatetic
perjery	perjury
perjorative	pejorative
permanant	permanent
permenant	permanent
permissable	permissible
permiting	permitting
permitt	permit
perogative	prerogative
perpare	prepare
perpertrated	perpetrated
perphas	perhaps
perpindicular	perpendicular
persaude	persuade
perserverance	perseverance
perservere	persevere
perserverence	perseverance
perseverence	perseverance
persistance	persistence
personaly	personally
personel	personal
personell	personnel
personnal	personal
personnell	personnel
persue	pursue
persuing	pursuing
persuit	pursuit
pertubation	perturbation
pertubations	perturbations
perview	purview
pessiary	pessary
petetion	petition
phenomenonal	phenomenal
phenomenonly	phenomenally
phenominal	phenomenal
phenomonenon	phenomenon
phenonmena	phenomena
pheonix	phoenix
philadephia	philadelphia
philantrophist	philanthropist
philantrophy	philanthropy
philantropist	philanthropist
philantropy	philanthropy
philedelphia	philadelphia
philipines	philippines
philipino	filipino
philippino	filipino
philisopher	philosopher
philisophical	philosophical
philisophy	philosophy
phillipine	philippine
phillipines	philippines
phillipino	filipino
phillippine	philippine
phillippines	philippines
phillippino	filipino
philospher	philosopher
philosphy	philosophy
phonecian	phoenician
phongraph	phonograph
phonician	phoenician
photgraph	photograph
phyiscal	physical
physican	physician
physicial	physical
pich	pitch
picure	picture
pidgeon	pigeon
piefort	piedfort
pilgram	pilgrim
pilgramage	pilgrimage
pilgrimmage	pilgrimage
piligrim	pilgrim
piligrimage	pilgrimage
pinapple	pineapple
pinnaple	pineapple
pionering	pioneering
piont	point
pitchs	pitches
placeing	placing
plagarise	plagiarise
plagarism	plagiarism
plagarist	plagiarist
plagarize	plagiarize
plantiff	plaintiff
platfrom	platform
plauge	plague
playright	playwright
playwrite	playwright
pleasnat	pleasant
plebian	plebeian
plebicite	plebiscite
plentitude	plenitude
plesant	pleasant
plethura	plethora
plyed	played
poinsetta	poinsettia
poisin	poison
polinate	pollinate
polination	pollination
polinator	pollinator
politican	politician
politition	politician
pollenate	pollinate
pollenation	pollination
polute	pollute
polution	pollution
polysaccaride	polysaccharide
polysaccharid	polysaccharide
pomegranite	pomegranate
poore	poor
populaion	population
popularaty	popularity
porportion	proportion
portugese	portuguese
posess	possess
posessed	possessed
posesses	possesses
posessing	possessing
posession	possession
posible	possible
posibly	possibly
posistion	position
positon	position
positve	positive
possable	passable
possably	passably
posseses	possesses
possesing	possessing
possesion	possession
possibilty	possibility
possiblity	possibility
possition	position
postdam	potsdam
postion	position
postitive	positive
postively	positively
postumous	posthumous
potatos	potatoes
potentialy	potentially
potentional	potential
potray	portray
pourpose	purpose
powerfull	powerful
practial	practical
practially	practically
practicaly	practically
practicioner	practitioner
practicioners	practitioners
practicly	practically
practioner	practitioner
practioners	practitioners
prairy	prairie
prarie	prairie
pratice	practice
prauge	prague
preample	preamble
precedessor	predecessor
preceed	precede
preceeded	preceded
preceeding	preceding
preceeds	precedes
preceive	perceive
preception	perception
precidence	precedence
precidency	presidency
precident	precedent
precint	precinct
precurser	precursor
predjudice	prejudice
prefection	perfection
prefering	preferring
preferr	prefer
preferrable	preferable
preferrably	preferably
preffer	prefer
preffered	preferred
pregancies	pregnancies
pregancy	pregnancy
pregnacy	pregnancy
preist	priest
prejorative	pejorative
premanent	permanent
premeir	premier
premeire	premier
premeired	premiered
premere	premier
premesis	premises
premillenial	premillennial
premire	premier
premission	permission
premonasterians	premonstratensians
premotion	promotion
prepair	prepare
prepartion	preparation
prepatory	preparatory
preperation	preparation
preperatory	preparatory
prescence	presence
presense	presence
presentor	presenter
presidence	precedence
presidental	presidential
prespective	perspective
prestigeous	prestigious
prestigous	prestigious
presumeably	presumably
presumibly	presumably
presure	pressure
presurize	pressurize
prevailance	prevalence
prevale	prevail
prevelance	prevalence
prevelant	prevalent
preventation	prevention
previus	previous
previvous	previous
prevous	previous
pricilla	priscilla
pricipal	principal
priciple	principle
primarially	primarily
primarly	primarily
primative	primitive
primatively	primitively
primatives	primitives
primier	premier
primordal	primordial
primordeal	primordial
principaly	principality
principial	principal
principly	principally
princton	princeton
prinicipal	principal
prision	prison
privatley	privately
privatly	privately
priveledge	privilege
priveledges	privileges
privelege	privilege
priveleged	privileged
priveleges	privileges
privelidge	privilege
privelige	privilege
priveliged	privileged
priveliges	privileges
privilage	privilege
priviledge	privilege
priviledges	privileges
privledge	privilege
probablly	probably
probalibity	probability
probaly	probably
probelm	problem
proccess	process
procede	proceed
procedes	proceeds
procedger	procedure
proceding	proceeding
proceedure	procedure
proclame	proclaim
proclomation	proclamation
prodcution	production
profesion	profusion
profesor	professor
professionaly	professionally
proffesion	profession
proffesor	professor
profilic	prolific
progidy	prodigy
programable	programmable
programe	program
programer	programmer
progrom	pogrom
prohabition	prohibition
prologomena	prolegomena
prominance	prominence
prominant	prominent
prominate	prominent
prominately	prominently
promiscous	promiscuous
promixity	proximity
pronomial	pronominal
pronounciation	pronunciation
propably	probably
propeling	propelling
propell	propel
properity	prosperity
propery	property
prophacy	prophecy
prophecized	prophesied
propietary	proprietary
propoganda	propaganda
propogate	propagate
propogation	propagation
propogator	propagator
propotion	proportion
propotional	proportional
propper	proper
proprietory	proprietary
proseletyzing	proselytizing
protaganist	protagonist
protien	protein
protocal	protocol
protrait	portrait
protray	portray
protrayal	portrayal
protrayed	portrayed
protruberance	protuberance
protruberances	protuberances
prounounced	pronounced
provded	provided
providor	provider
pseudononymous	pseudonymous
pseudonyn	pseudonym
psuedo	pseudo
psychidelic	psychedelic
psychodelic	psychedelic
psycology	psychology
psyhic	psychic
publich	public
puchase	purchase
pucini	puccini
pumkin	pumpkin
purchace	purchase
pursuade	persuade
puruse	peruse
puting	putting
pwoer	power
pyschedelic	psychedelic
pyschic	psychic
pyscho	psycho
pyschological	psychological
pyschology	psychology
qoutation	quotation
qtuie	quite
quadraped	quadruped
quadrapedal	quadrupedal
quadrapedalism	quadrupedalism
quadrapole	quadrupole
quadriped	quadruped
quadripedal	quadrupedal
quadripedalism	quadrupedalism
quadropedal	quadrupedal
qualifaction	qualification
qualifer	qualifier
qualifers	qualifiers
qualifiing	qualifying
qualifyng	qualifying
quandry	quandary
quanity	quantity
quantative	quantitative
quantaty	quantity
quarell	quarrel
quarternary	quaternary
quater	quarter
quaterback	quarterback
quaterfinals	quarterfinals
quaterly	quarterly
quatermaster	quartermaster
queazy	queasy
questionaire	questionnaire
questionned	questioned
quicklyu	quickly
quicky	quickie
quikly	quickly
quindecemvir	quindecimvir
quindecemviri	quindecimviri
quinquireme	quinquereme
quited	quit
quitely	quietly
quitted	quit
quizes	quizzes
qutie	quite
radient	radiant
raquet	racquet
rarley	rarely
rasied	raised
reachs	reaches
reactived	reactivated
readly	readily
reak	wreak
realease	release
reallity	reality
realted	related
realting	relating
realtion	relation
realtively	relatively
realy	really
reamain	remain
reamin	remain
reasearch	research
reasses	reassess
rebuilded	rebuilt
rebuttle	rebuttal
recasted	recast
reccent	recent
reccomend	recommend
reccomended	recommended
reccommend	recommend
reccommended	recommended
reccuring	recurring
receeded	receded
receeding	receding
recentley	recently
recepient	recipient
recepted	received
recevied	received
reciept	receipt
recieve	receive
recieved	received
reciever	receiver
recieves	receives
recieving	receiving
recipent	recipient
recipiant	recipient
recipies	recipes
recogise	recognise
recogize	recognize
recoiless	recoilless
recomend	recommend
recomendation	recommendation
recomended	recommended
recomending	recommending
recomends	recommends
reconaissance	reconnaissance
reconcilation	reconciliation
recongise	recognise
recongize	recognize
reconise	recognise
reconize	recognize
recoreded	recorded
recouperate	recuperate
recquire	reacquire
recrod	record
recruted	recruited
recuring	recurring
recurrance	recurrence
redevelopement	redevelopment
rediculous	ridiculous
redundent	redundant
referal	referral
referance	reference
refered	referred
referes	refers
refering	referring
refernece	reference
referr	refer
referrence	reference
referrs	refers
reffered	referred
refference	reference
refferr	refer
reforce	reinforce
refrence	reference
refridgeration	refrigeration
refridgerator	refrigerator
refrom	reform
registeration	registration
registery	registry
reguard	regard
reguarly	regularly
regularily	regularly
regulary	regularly
rehersal	rehearsal
reherse	rehearse
reinact	reenact
rejuvinate	rejuvenate
reknown	renown
reknowned	renowned
rela	real
relagate	relegate
relagated	relegated
relagation	relegation
relase	release
relativley	relatively
relativly	relatively
relavent	relevant
releave	relieve
releive	relieve
releived	relieved
reletive	relative
relevent	relevant
reliablity	reliability
relience	reliance
religeous	religious
religon	religion
religous	religious
relitively	relatively
relize	realize
relized	realised
relm	realm
remaing	remaining
remainging	remaining
remanants	remnants
remaned	remained
remaning	remaining
rember	remember
remeber	remember
rememberance	remembrance
remian	remain
reminescent	reminiscent
reminicent	reminiscent
rendevous	rendezvous
rennovate	renovate
rennovation	renovation
renound	renowned
renouned	renowned
renowed	renowned
repayed	repaid
repeatly	repeatedly
repected	respected
repeled	repelled
repell	repel
repentence	repentance
repentent	repentant
repertoir	repertoire
repetetive	repetitive
repetion	repetition
repetive	repetitive
repetoire	repertoire
repitition	repetition
replaceing	replacing
reponse	response
reponsible	responsible
reportably	reportedly
represenative	representative
representate	represent
representitive	representative
representive	representative
reprize	reprise
repubic	republic
rescure	rescue
rescuse	rescue
resemblence	resemblance
reserach	research
resevoir	reservoir
residance	residence
residant	resident
resistable	resistible
resistence	resistance
resistent	resistant
resourse	resource
respectivley	respectively
respectivly	respectively
responce	response
respondant	respondent
responibility	responsibility
responsability	responsibility
responsable	responsible
responsed	responded
responsibilty	responsibility
resposibility	responsibility
resposible	responsible
ressemblance	resemblance
ressemble	resemble
ressembled	resembled
ressembling	resembling
ressurection	resurrection
restarant	restaurant
restaraunt	restaurant
restaraunts	restaurants
restauration	restoration
restauraunt	restaurant
resteraunt	restaurant
resteraunts	restaurants
restorant	restaurant
restraunt	restraint
restuarant	restaurant
resturant	restaurant
resurect	resurrect
resurecting	resurrecting
resurgance	resurgence
retailation	retaliation
retardent	retardant
rethoric	rhetoric
retireved	retrieved
retreived	retrieved
retrive	retrieve
retruning	returning
retured	returned
returing	returning
revaluated	reevaluated
revelant	relevant
reverance	reverence
reverand	reverend
reverese	reverse
reversable	reversible
rhythem	rhythm
rhythym	rhythm
rhytm	rhythm
richochet	ricochet
richs	riches
riden	ridden
rigeur	rigor
rightous	righteous
rigourous	rigorous
rigth	right
riped	ripped
rised	raised
rivarly	rivalry
rockerfeller	rockefeller
romatic	romantic
roomate	roommate
rougly	roughly
royalites	royalties
royalities	royalties
rulle	rule
ruller	ruler
rummor	rumor
runer	runner
runing	running
runned	ran
rushs	rushes
rusian	russian
russain	russian
russina	russian
russion	russian
rythem	rhythm
rythm	rhythm
rythum	rhythm
sabatical	sabbatical
sacrafice	sacrifice
sacreligious	sacrilegious
sacremento	sacramento
safegaurd	safeguard
safetly	safely
safley	safely
saftey	safety
safty	safety
sahastra	sahasra
sahastraarjun	sahasraarjun
sahastrabahu	sahasrabahu
sahastradhara	sahasradhara
saleman	salesman
saleries	salaries
salery	salary
sancutary	sanctuary
sandwhich	sandwich
sanhedrim	sanhedrin
santuary	sanctuary
sargant	sergeant
sasparilla	sarsaparilla
sasy	says
satalite	satellite
satarize	satirize
satelite	satellite
saterday	saturday
saterdays	saturdays
satric	satiric
satrical	satirical
satrically	satirically
satruday	saturday
sattelite	satellite
saught	sought
sauter	solder
sautering	soldering
saveing	saving
savy	savvy
saxaphone	saxophone
sayed	said
sayig	saying
scaleable	scalable
scandanavia	scandinavia
scandanavian	scandinavian
scaned	scanned
scaner	scanner
sceen	scene
scenary	scenery
scenerio	scenario
schedual	schedule
scheduel	schedule
scholarstic	scholastic
schyuler	schuyler
scientifical	scientific
scirpt	script
scoll	scroll
scotish	scottish
scottland	scotland
sculpter	sculptor
scupture	sculpture
seach	search
seached	searched
seaches	searches
seamingly	seemingly
seaon	season
searchs	searches
seasonaly	seasonally
secceeded	seceded
seccesion	secession
seceed	succeed
seceeded	succeeded
secondry	secondary
secound	second
secratary	secretary
secrect	secret
secretery	secretary
sectember	september
secundary	secondary
securites	securities
sedantary	sedentary
sedatative	sedative
sedereal	sidereal
seeked	sought
seemless	seamless
segement	segment
seige	siege
seinor	senior
seires	series
selction	selection
selled	sold
semblence	semblance
sence	sense
sended	sent
seniour	senior
senoir	senior
sensable	sensible
sensure	censure
sentance	sentence
seotember	september
separatley	separately
sepember	september
seperable	separable
seperate	separate
seperated	separated
seperating	separating
seperation	separation
seperatism	separatism
seperatist	separatist
sepina	subpoena
septembrer	september
septemebr	september
septemer	september
septenber	september
septermber	september
septmber	september
septmeber	september
sepulchure	sepulchre
sepulcre	sepulchre
sequal	sequel
sequencial	sequential
serach	search
serivce	service
servent	servant
setember	september
setpember	september
setted	set
setteler	settler
settelment	settlement
settelments	settlements
severall	several
severeal	several
severley	severely
severly	severely
sevral	several
shaddow	shadow
shamen	shaman
shangdong	shandong
sheat	sheath
shedual	schedule
shedule	schedule
sheild	shield
shineing	shining
shiping	shipping
shooted	shot
shoud	should
shoudl	should
shoudln	should
shreak	shriek
shrewed	shrewd
sicne	since
sideral	sidereal
siesmic	seismic
sieze	seize
siezed	seized
siezing	seizing
siezure	seizure
signifantly	significantly
significently	significantly
signifigance	significance
signifigant	significant
signitories	signatories
signitory	signatory
signiture	signature
silimar	similar
similair	similar
similarily	similarly
similiar	similar
similiarity	similarity
simillar	similar
simmilar	similar
simmilarly	similarly
simpley	simply
simplier	simpler
simular	similar
simultanous	simultaneous
simultanously	simultaneously
sincerley	sincerely
singsog	singsong
sinked	sank
sinse	sense
sionist	zionist
sionists	zionists
sissors	scissors
sixtin	sistine
skiied	skied
skiier	skier
slided	slid
slitted	slit
smae	same
smaler	smaller
smily	smiley
smoe	some
smoothe	smooth
smoothes	smooths
snese	sneeze
snorkle	snorkel
soduko	sodoku
soem	some
sofware	software
sohw	show
solatary	solitary
soley	solely
solidier	soldier
soliliquy	soliloquy
sollid	solid
sollution	solution
soluable	soluble
somone	someone
songwritter	songwriter
soons	soon
sophicated	sophisticated
sophmore	sophomore
sorceror	sorcerer
sotry	story
sotyr	satyr
soudn	sound
soudns	sounds
sould	could
souly	solely
soundtack	soundtrack
sourth	south
sourthern	southern
southermost	southernmost
southhampton	southampton
southheast	southeast
souvenier	souvenir
souveniers	souvenirs
sovereignity	sovereignty
soverign	sovereign
soverignity	sovereignty
soverignty	sovereignty
spagetti	spaghetti
spainard	spaniard
spainiard	spaniard
spainish	spanish
sparcely	sparsely
sparsley	sparsely
sparsly	sparsely
speach	speech
speachless	speechless
speacial	special
spead	spread
speaked	spoke
specator	spectator
specialied	specialised
speciallized	specialised
specialy	speciality
speciemen	specimen
specifical	specific
specificaly	specifically
specifity	specificity
speciman	specimen
spectauclar	spectacular
spectometry	spectrometry
spects	aspects
speeker	speaker
speical	special
spended	spent
spermatazoa	spermatozoa
spermatazoon	spermatozoon
spetember	september
spilts	splits
sping	spring
spingfield	springfield
spinned	spun
splited	split
spliting	splitting
splitted	split
spokeman	spokesman
spokemen	spokesmen
spokeperson	spokesperson
spokewoman	spokeswoman
spolier	spoiler
sponser	sponsor
spontanious	spontaneous
spontanous	spontaneous
sponteous	spongeous
sponzored	sponsored
sporadical	sporadic
sporatic	sporadic
spoted	spotted
spouce	spouse
sprial	spiral
spritual	spiritual
sptember	september
spured	spurned
sqaud	squad
sqaure	square
stabalize	stabilize
stabalizer	stabilizer
stabed	stabbed
stabilty	stability
stablise	stabilise
stablised	stabilised
stablising	stabilising
stablity	stability
stablize	stabilize
stablized	stabilized
stablizing	stabilizing
stagnet	stagnant
stallwart	stalwart
standart	standard
standed	stood
stange	strange
startegic	strategic
startegies	strategies
startegy	strategy
stastic	static
stastical	statistical
stastics	statics
stategic	strategic
statment	statement
statuatory	statutory
stayes	stays
steadly	steadily
stealed	stole
steet	street
steller	stellar
stemed	stemmed
steping	stepping
steriod	steroid
sticked	stuck
stike	strike
stilus	stylus
stingent	stringent
stinked	stunk
stomache	stomach
stoping	stopping
stopry	story
storeis	stories
storise	stories
stornegst	strongest
storng	strong
storys	storeys
stoyr	story
stpo	stop
stradegies	strategies
stradegy	strategy
straightjacket	straitjacket
strangly	strangely
straped	strapped
strat	start
stratedgy	strategy
strech	stretch
strenghen	strengthen
strenghened	strengthened
strenghening	strengthening
strenght	strength
strenghten	strengthen
strenghtened	strengthened
strenghtening	strengthening
strenous	strenuous
strenth	strength
strickly	strictly
stricly	strictly
strictist	strictest
striked	struck
striken	stricken
strnad	strand
structer	structure
structual	structural
structue	structure
structuraly	structurally
stste	state
stubborness	stubbornness
stucked	stuck
stucture	structure
stuctured	structured
studdering	stuttering
studdy	study
studing	studying
stuggle	struggle
subcatagories	subcategories
subcatagory	subcategory
subceptible	susceptible
suberb	suburb
subesquent	subsequent
submision	submission
submiting	submitting
submitt	submit
subquent	subsequent
subsdiary	subsidiary
subsidary	subsidiary
subsiduary	subsidiary
subsitute	substitute
subsquent	subsequent
substace	substance
substain	sustain
substanial	substantial
substantually	substantially
substatial	substantial
substitue	substitute
substract	subtract
substracted	subtracted
substraction	subtraction
substracts	subtracts
subterranian	subterranean
subtlely	subtly
subtley	subtly
succede	succeed
succeedes	succeeds
succeptibility	susceptibility
succeptible	susceptible
succes	success
succesful	successful
succesfull	successful
succesfully	successfully
succesfuly	successfully
succesion	succession
succesive	successive
succesor	successor
successer	successor
successfull	successful
successfuly	successfully
succint	succinct
succum	succumb
suceed	succeed
suceeded	succeeded
suceeding	succeeding
suceeds	succeeds
suceptibility	susceptibility
suceptible	susceptible
sucesful	successful
sucesfully	successfully
sucesfuly	successfully
sucesion	succession
sucess	success
sucesses	successes
sucessful	successful
sucessfull	successful
sucessfully	successfully
sucessfuly	successfully
sucession	succession
sucessive	successive
sucessor	successor
sucide	suicide
sucsessor	successor
suddendly	suddenly
sudent	student
sudents	students
suduko	sodoku
suface	surface
suffcient	sufficient
suffciently	sufficiently
sufferage	suffrage
sufficant	sufficient
sufficent	sufficient
sufficently	sufficiently
sufficiant	sufficient
sugest	suggest
sugget	suggest
suject	subject
sumary	summary
sumptous	sumptuous
suop	soup
supass	surpass
supercede	supersede
superceed	supersede
superceeded	superseded
supercession	supersession
supercessionism	supersessionism
superfical	superficial
superintendant	superintendent
supermacy	supremacy
superscaler	superscalar
superseed	supersede
superseeding	superseding
supervisior	supervisor
suphisticated	sophisticated
suplant	supplant
suplement	supplement
suplemental	supplemental
suplied	supplied
suply	supply
supose	suppose
suposed	supposed
suposedly	supposedly
suposes	supposes
suposing	supposing
supperior	superior
supplament	supplement
suppliment	supplement
supplyed	supplied
supposably	supposedly
suppossed	supposed
suppost	support
supposted	supposed
suppresion	suppression
supprise	surprise
supremist	supremacist
supress	suppress
supressed	suppressed
supresses	suppresses
supressing	suppressing
suprise	surprise
suprised	surprised
suprising	surprising
suprisingly	surprisingly
suprize	surprise
suprized	surprised
suprizing	surprising
suprizingly	surprisingly
surelly	surely
surender	surrender
surley	surely
suround	surround
surounded	surrounded
surounds	surrounds
surpased	surpassed
surperb	superb
surplant	supplant
surpress	suppress
surprize	surprise
surprized	surprised
surprizing	surprising
surprizingly	surprisingly
surrended	surrounded
surrepetitious	surreptitious
surrepetitiously	surreptitiously
surreptious	surreptitious
surreptiously	surreptitiously
surronded	surrounded
surroud	surround
surrundering	surrendering
surveill	surveil
surveyer	surveyor
surving	serving
surviver	survivor
survivng	surviving
susceptability	susceptibility
susceptable	susceptible
suscribe	subscribe
suseptible	susceptible
susequent	subsequent
sustance	substance
suzerainity	suzerainty
swaer	swear
swaers	swears
swaped	swapped
sweared	swore
sweedish	swedish
sweeped	swept
sweept	swept
swiming	swimming
swimmed	swam
switchs	switches
swordman	swordsman
swordmanship	swordsmanship
swored	swore
syas	says
symetric	symmetric
symetrical	symmetric
symetrically	symmetrically
symetry	symmetry
symmetral	symmetric
symmetricaly	symmetrically
synchophant	sycophant
synchotron	synchrotron
syncophant	sycophant
synonomous	synonymous
syphillis	syphilis
syphyllis	syphilis
sypnosis	synopsis
syrap	syrup
sytem	system
tableclothes	tablecloths
tablewear	tableware
tablinium	tablinum
tacticaly	tactically
tactict	tactic
tactitian	tactician
tahn	than
taht	that
tailight	taillight
taked	taken
talekd	talked
tandum	tandem
tarrif	tariff
tarriff	tariff
tast	taste
tath	that
tatics	tactics
tatoo	tattoo
tattooes	tattoos
taxanomic	taxonomic
taxanomy	taxonomy
teached	taught
teamate	teammate
techical	technical
techician	technician
techincal	technical
technicaly	technically
technican	technician
technolgy	technology
tecnology	technology
teeside	teesside
teh	the
tehy	they
telengana	telangana
televison	television
televize	televise
telled	told
temparate	temperate
temperment	temperament
tempermental	temperamental
temperture	temperature
temporarely	temporarily
temprature	temperature
tenacle	tentacle
tenament	tenement
tendancy	tendency
tennament	tenement
tennement	tenement
tenous	tenuous
tenticle	tentacle
tenture	tenure
teritory	territory
terminaly	terminally
terresterial	terrestrial
terrestial	terrestrial
terriories	territories
terriory	territory
territores	territories
territorist	terrorist
territority	territory
testamonial	testimonial
testamony	testimony
testical	testicle
testiment	testament
testimont	testament
testomony	testimony
teusday	tuesday
textes	texts
tghe	the
thanbk	thank
thast	that
thay	they
theather	theater
theese	these
theif	thief
theit	their
theives	thieves
themself	herself
themselfs	themselves
themsleves	themselves
theologan	theologian
ther	the
therafter	thereafter
theraphy	therapy
therfore	therefore
theri	their
theroretical	theoretical
thgat	that
thge	the
thickend	thickened
thier	their
thign	thing
thigsn	things
thikn	think
thikning	thinking
thikns	thinks
thingking	thinking
thiunk	think
thna	than
thne	then
thnig	thing
thnigs	things
thoery	theory
thorogh	thorough
thoroghbred	thoroughbred
thoroughbread	thoroughbred
thoughout	throughout
thourough	thorough
thouroughly	thoroughly
thousnad	thousand
threated	threatened
threath	threat
threatning	threatening
threee	three
threshhold	threshold
thrid	third
thridly	thirdly
throughly	thoroughly
throught	thought
throughtout	throughout
througout	throughout
thrusday	thursday
thrusted	thrust
thsi	this
thsoe	those
tht	that
thta	that
thte	the
thyat	that
tiajuana	tijuana
tiem	tim
tihkn	think
tihs	this
timne	time
tiome	time
tipical	typical
tje	the
tjhe	the
tkae	take
tkaes	takes
tkaing	taking
tlaking	talking
tobbaco	tobacco
todays	today's
todya	today
togather	together
togeather	together
togther	together
tolerence	tolerance
tolerent	tolerant
toliet	toilet
tolkein	tolkien
tommorow	tomorrow
tommorrow	tomorrow
tomorow	tomorrow
tongiht	tonight
tooked	taken
tooless	toolless
toriod	toroid
toriodal	toroidal
tornament	tournament
tortise	tortoise
totaly	totally
tought	taught
tounge	tongue
tourch	torch
tourmament	tournament
tourmanent	tournament
towrad	toward
tradgedy	tragedy
tradicional	traditional
traditionaly	traditionally
traditon	tradition
traditonal	traditional
trafficed	trafficked
traing	training
traingle	triangle
trancend	transcend
trancended	transcended
trancendent	transcendent
trancendental	transcendental
trancending	transcending
tranform	transform
traning	training
transcendance	transcendence
transcendant	transcendent
transcendentational	transcendental
transcept	transept
transcripting	transcribing
transend	transcend
transending	transcending
transfering	transferring
transferr	transfer
transister	transistor
transistion	transition
translater	translator
transluscent	translucent
transmision	transmission
transmissable	transmissible
transmiting	transmitting
transmitt	transmit
transporation	transportation
trate	trait
treaded	trod
tremelo	tremolo
treshold	threshold
tresle	trestle
tresspass	trespass
triathalon	triathlon
triology	trilogy
tripple	triple
troups	troupes
truely	truly
truley	truly
trustworthyness	trustworthiness
tryed	tried
trys	tries
tthe	the
tumultous	tumultuous
turky	turkey
turnes	turns
turnk	turnkey
turnstyle	turnstile
twelth	twelfth
twelveth	twelfth
twon	town
tyhat	that
tyhe	the
typcial	typical
typicaly	typically
tyrany	tyranny
ubiquitious	ubiquitous
uise	use
ukrane	ukraine
ukranian	ukrainian
ulitmate	ultimate
ultimatim	ultimatum
ultimatium	ultimatum
ultimatley	ultimately
ultimatly	ultimately
ultimitely	ultimately
umbillical	umbilical
unabased	unabashed
unabatted	unabated
unactive	inactive
unactivity	inactivity
unaminous	unanimous
unavalable	unavailable
unavaliable	unavailable
unavalible	unavailable
uncertainity	uncertainty
uncertian	uncertain
uncomplete	incomplete
unconcious	unconscious
unconciousness	unconsciousness
unconclusive	inconclusive
unconscience	unconscious
unconspicuous	inconspicuous
unconvential	unconventional
unconventionaly	unconventionally
undecideable	undecidable
undecisive	indecisive
underated	underrated
undergound	underground
underlayed	underlaid
underlied	underlay
underly	underlie
undermind	undermine
underming	undermining
underware	underwear
undestructible	indestructible
undevelopment	underdevelopment
undoubtably	undoubtedly
unecessary	unnecessary
uneeded	unneeded
uneffected	unaffected
uneffective	ineffective
unequaly	unequally
unexpectantly	unexpectedly
unexpensive	inexpensive
unexplicable	inexplicable
unfamilar	unfamiliar
unfinnished	unfinished
unforetunately	unfortunately
unforseen	unforeseen
unfortunatley	unfortunately
unfortunatly	unfortunately
unhumane	inhumane
unifed	unified
unifrom	uniform
unilatreal	unilateral
unilatreally	unilaterally
unindentified	unidentified
univeristies	universities
univeristy	university
univerities	universities
univerity	university
universaly	universally
universitaries	universities
universitary	university
universties	universities
universty	university
univesities	universities
univesity	university
unknow	unknown
unkown	unknown
unlikley	unlikely
unmanouverable	unmaneuverable
unneccesarily	unnecessarily
unneccesary	unnecessary
unneccessarily	unnecessarily
unneccessary	unnecessary
unnecesarily	unnecessarily
unnecesary	unnecessary
unnemployment	unemployment
unoffical	unofficial
unofficialy	unofficially
unorthadox	unorthodox
unoticeable	unnoticeable
unperiodic	aperiodic
unplausible	implausible
unplesant	unpleasant
unpresidented	unprecedented
unprobable	improbable
unregular	irregular
unrepentent	unrepentant
unsatiable	insatiable
unsed	used
unsual	unusual
unsubstanciated	unsubstantiated
unsuccesful	unsuccessful
unsuccessfull	unsuccessful
unsucesful	unsuccessful
unsucesfuly	unsuccessfully
unsucessfull	unsuccessful
unsucessfully	unsuccessfully
unsued	ensued
unsufficient	insufficient
unsuprised	unsurprised
unsuprising	unsurprising
unsuprisingly	unsurprisingly
unsuprized	unsurprised
unsuprizing	unsurprising
unsuprizingly	unsurprisingly
unsurprized	unsurprised
unsurprizing	unsurprising
unsurprizingly	unsurprisingly
unti	unit
untill	until
untracable	untraceable
untranslateable	untranslatable
unusualy	unusually
unversity	university
unviel	unveil
unviersities	universities
unviersity	university
unvisible	invisible
unware	unaware
unweildly	unwieldy
upcomming	upcoming
upgarde	upgrade
upholded	upheld
upto	unto
usally	usually
useage	usage
useally	usually
usefull	useful
usefullness	usefulness
usefuly	usefully
useing	using
usuall	usual
usuallly	usually
usualy	usually
usully	usually
usurpate	usurp
ususal	usual
ususally	usually
utalise	use
utalize	use
utilisied	used
utilizied	used
vaccum	vacuum
vaccume	vacuum
vaccuum	vacuum
vacency	vacancy
vacent	vacant
vacinity	vicinity
vacume	vacuum
vairous	various
valient	valiant
valuble	valuable
valueable	valuable
vannish	vanish
varable	variable
vareity	variety
variaty	variety
varible	variable
varience	variance
varient	variant
varifiable	verifiable
varify	verify
variosly	variously
varisty	varsity
varity	variety
varius	various
varous	various
varys	varies
vasalls	vassals
vasodialation	vasodilation
vasodialator	vasodilator
vechicle	vehicle
vegatarian	vegetarian
vegeterian	vegetarian
vegitable	vegetable
vegitarian	vegetarian
vegtable	vegetable
vehichle	vehicle
veign	vein
veiw	view
venacular	vernacular
venemous	venomous
venezeula	venezuela
venezuala	venezuela
venezulea	venezuela
vengance	vengeance
vengence	vengeance
verbage	verbiage
verbaly	verbally
verfication	verification
verifed	verified
verifing	verifying
verion	version
verison	version
versimilitude	verisimilitude
versitile	versatile
vertabra	vertebra
vertabrate	vertebrate
verticle	vertical
veted	vetted
veteren	veteran
vetinarian	veterinarian
vetinary	veterinary
vetran	veteran
vetween	between
veyr	very
vicintity	vicinity
vicinty	vicinity
vigeur	vigor
vigilence	vigilance
vigilent	vigilant
vigourous	vigorous
vilage	village
vilager	villager
villans	villains
villany	villainy
villian	villain
villianous	villainous
villified	vilified
villify	vilify
villin	villain
vincinity	vicinity
vinegrette	vinaigrette
vioce	voice
violance	violence
virgina	virgin
virtualy	virtually
virtural	virtual
visability	visibility
visist	visit
vison	vision
visonary	visionary
vist	visit
vistation	visitation
visting	visiting
visualy	visually
vittel	vittle
voilation	violation
voilence	violence
voilent	violent
volation	violation
volcanoe	volcano
volkswagon	volkswagen
volontary	voluntary
volonteer	volunteer
volonteered	volunteered
volonteering	volunteering
volounteer	volunteer
volounteered	volunteered
volounteering	volunteering
vrey	very
vulcanic	volcanic
vyer	very
waht	what
warrent	warrant
wass	was
watchs	watches
watn	want
weakend	weakened
weaponary	weaponry
weared	wore
webcasted	webcast
webstie	website
wecked	wrecked
weekened	weakened
wehn	when
weild	wield
weilded	wielded
wel	well
welcame	welcomed
wendesday	wednesday
wendsay	wednesday
wendsday	wednesday
wensday	wednesday
wesbite	website
whant	want
whants	wants
whcih	which
wheather	weather
wheelbarrel	wheelbarrow
whent	went
wherabouts	whereabouts
wheras	whereas
wherby	whereby
whereever	wherever
wherin	wherein
whic	which
whihc	which
whilest	while
whinning	whining
whitch	which
wholey	wholly
wholley	wholly
wholy	holy
whos	who's
whta	what
wich	which
wief	wife
wierd	weird
wifes	wife's
wiht	with
wihtin	within
wihtout	without
willingess	willingness
wirting	writing
wisconson	wisconsin
wistle	whistle
witchs	witches
withdrawl	withdraw
withold	withhold
withought	without
witht	with
witout	without
wittness	witness
wiull	will
wnat	want
wnated	wanted
wnats	wants
wohle	whole
wokr	work
wokring	working
workship	worship
worlwide	worldwide
worsten	worsen
worstened	worsened
worstening	worsening
woudl	would
wreckless	reckless
wrecklessness	recklessness
wriet	write
writed	writhed
writen	written
writter	writer
writting	writing
wroet	wrote
wrok	work
wroking	working
wroten	written
ws	was
wtih	with
ya'll	y'all
yaer	year
yaht	yacht
yatch	yacht
yeasr	years
yeild	yield
yelow	yellow
yementite	yemenite
yera	year
yeras	years
yersa	years
yhe	the
yonger	younger
yorkhire	yorkshire
younge	young
youself	yourself
ytou	you
yuo	you
yuonger	younger
