# previous	typo	intended — synthetic keyboard typos in held-out Tatoeba sentences (CC BY 2.0 FR)
against	smokign	smoking
my	uncel	uncle
it's	nnot	not
other	wvil	evil
i	ahd	had
a	tike	time
for	jany	many
from	arlund	around
the	firt	first
the	chargrr	charger
algeria	hsa	has
tom	bordowed	borrowed
eats	breakfat	breakfast
canoes	cah	can
prince	anf	and
glad	thwt	that
you	spak	speak
for	solutionss	solutions
mirror	pla	pal
you	htink	think
are	ful	full
didn't	uou	you
the	letger	letter
ziri	eas	was
don't	cqre	care
a	kwy	key
a	llt	lot
ziri	ragued	argued
it's	evsrything	everything
i	haad	had
knew	yo'd	you'd
to	olse	lose
at	lqarge	large
drive	anympre	anymore
hiding	ftom	from
the	meetuing	meeting
to	swave	save
relationship	wih	with
kabyle	dialetc's	dialect's
tom	reqally	really
i	can'y	can't
every	hild	child
you	remdmber	remember
tom	dirn't	didn't
haven't	xchosen	chosen
had	ebough	enough
to	grwo	grow
is	addictefd	addicted
admitted	tyat	that
pain	waz	was
the	cwr	car
to	nhail	hail
a	irl	girl
of	sedcond	second
do	nnot	not
aren't	yoh	you
lot	oike	like
the	rcack	crack
don't	wreigh	weigh
you	bak	back
his	oncome	income
sticky	ricw	rice
is	thaat	that
tom	ahd	and
to	tthat	that
that	eing	being
dare	sttae	state
crossed	tbhe	the
doesn't	ezt	eat
the	syreet	street
you	gget	get
door	wzs	was
of	vieq	view
play	wtih	with
is	ths	the
do	yoh	you
when	tney	they
over	thd	the
those	stidents	students
i	sant	want
the	graveyyard	graveyard
is	raibny	rainy
understand	gis	his
animosities	itno	into
turn	ogf	off
they	walkijg	walking
mary	ewll	well
the	mll	mall
be	franl	frank
are	plznning	planning
he	wass	was
us	tiime	time
see	ahny	any
tom	wan't	wasn't
the	winodw	window
will	wjn	win
work	lovee	love
can't	beplieve	believe
still	lloves	loves
door	yst	yet
with	qhat	what
sami	killrd	killed
to	hiim	him
i	wondre	wonder
as	gpod	good
night	sas	was
i	wnat	want
admonished	ihm	him
blue	onne	one
for	dkinner	dinner
of	teh	the
aren't	ghey	they
not	evrrything	everything
baker	sood	sold
he	loed	loved
possible	excse	excuse
she	hiid	hid
b	flwt	flat
to	tget	get
tom	sair	said
does	wht	what
are	fnu	fun
to	cocnlusions	conclusions
work	wity	with
really	tink	think
i	shoowed	showed
to	helkl	hell
put	hiws	his
you	goign	going
said	ghey	they
upcoming	examintaion	examination
was	avojding	avoiding
languages	andd	and
the	offickial	official
service	petr	per
doctor	advuised	advised
grand	rtotal	total
closely	rleated	related
i	acn't	can't
really	differwent	different
go	bck	back
stay	togethher	together
a	mesdsage	message
can	oet	pet
will	ghey	they
is	trje	true
last	nightt	night
go	chnge	change
ziri	showrd	showed
don't	loe	love
are	nosw	now
you	lookinvg	looking
should	haev	have
had	bkaed	baked
must	adjit	admit
doesn't	knlw	know
one	ysn	yen
i'd	lke	like
we're	exhaustde	exhausted
high	scool	school
we	eaft	eat
work	hee	here
tom	wom't	won't
for	htat	that
our	plandet	planet
is	opden	open
old	peoole	people
a	niumber	number
impressive	todya	today
classmate	sas	was
wouldn't	juust	just
her	fatehr	father
tom	ssid	said
women	worjed	worked
fyodor	esaw	saw
it	loojs	looks
even	jheard	heard
her	caf	car
i'm	vry	very
my	oby	boy
is	unlikrely	unlikely
the	libbrary	library
more	yhan	than
bought	whay	what
more	ciomfortable	comfortable
not	satisfid	satisfied
ziri's	scetn	scent
do	thta	that
that's	whay	what
could	nott	not
of	rred	red
owe	hikm	him
rent	tmoorrow	tomorrow
are	oyu	you
to	rhe	the
seriously	staritng	starting
tom	srew	drew
have	yoou	you
doesn't	ffeel	feel
cat	gles	goes
know	ahat	what
money	launedring	laundering
scored	thw	the
one	dauguhter	daughter
for	fhe	the
tom	osn't	isn't
the	swalows	swallows
less	htan	than
minority	langages	languages
tom	loveed	loved
is	oto	too
i	atee	ate
that	noqw	now
tom	pllan	plan
anybody	wll	will
let's	pysh	push
ugly	zand	and
than	yyou	you
these	dyas	days
ice	crea	cream
don't	qlways	always
that	dolphns	dolphins
a	tewcher	teacher
four	yearz	years
going	fising	fishing
your	sister'ws	sister's
the	llanes	planes
he	movef	moved
on	commisisons	commissions
carlos's	heerd	herd
to	lpve	love
this	cmposition	composition
you	giev	give
of	thkis	this
a	ood	good
sami	wajted	wanted
least	willimng	willing
mary's	jhusband	husband
do	wuthout	without
story	rdally	really
lose	itss	its
thought	abput	about
family	graveyars	graveyard
her	thw	the
was	jist	just
let	ypu	you
your	imnds	minds
the	ttyre	tyre
its	resorces	resources
with	suddne	sudden
mary	afe	are
the	reasno	reason
you	fwel	feel
tom	thougght	thought
is	eorking	working
being	jow	now
feet	lff	off
few	minjutes	minutes
end	adn	and
and	decideed	decided
mary	dixn't	didn't
french	fiarly	fairly
this	wjth	with
we'll	zstop	stop
low	jntil	until
i	hzve	have
i'm	kaking	making
tom	csame	came
very	competitie	competitive
be	caregful	careful
are	gew	few
students	wre	are
you	hiz	his
yuri	liies	likes
to	beliee	believe
do	uou	you
i	liike	like
you	somrthing	something
of	mkaing	making
it	tqke	take
came	bome	home
ziri's	osn	son
a	grqde	grade
is	dagnerous	dangerous
the	booo	book
be	extraccted	extracted
really	louud	loud
we	hhave	have
wasn't	albe	able
helped	lozd	load
we	egt	get
the	bhost	ghost
go	rght	right
you	viisited	visited
he	saud	said
is	swingnig	swinging
military	bses	bases
i	ckuld've	could've
was	waccused	accused
a	doy	dog
that's	uor	our
made	heer	her
left	hte	the
as	thye	they
considers	hjm	him
mary	drinkw	drinks
we	ohpe	hope
so	twell	tell
saved	fpr	for
of	hte	the
thieves	fetreated	retreated
isn't	lal	all
really	twlk	talk
he's	brimmng	brimming
i	needd	need
chauffeur	opdned	opened
enjoy	iving	diving
wasn't	ble	able
usually	goss	goes
fire	bfing	bring
insurance	doen't	doesn't
could	lesrn	learn
many	languagse	languages
i	wanft	want
everyday	ife	life
an	extr	extra
pretended	thry	they
people	don'	don't
tell	hwr	her
visit	yis	his
understand	wha	what
was	hroken	broken
i	voertook	overtook
at	hojme	home
flew	iinto	into
your	namee	name
english	ubt	but
counts	tio	too
his	father''s	father's
the	qustion	question
was	hti	hit
tom	bakde	baked
their	feeth	teeth
tom	diid	did
practicing	piwno	piano
this	yesr	year
they	ade	are
just	sneexed	sneezed
can	yuo	you
is	theee	there
not	takke	take
it's	importajnt	important
class	workex	worked
this	vieeo	video
the	systen	system
or	ixty	sixty
was	ttoo	too
easy	bbut	but
hard	sork	work
he	musst	must
room	thd	the
to	bbuy	buy
that	livred	lived
his	fte	fate
to	edath	death
you're	lookign	looking
few	hinst	hints
of	parricipating	participating
is	eaier	easier
i	nwed	need
psychologist	arouhd	around
the	queztions	questions
the	oour	odour
to	swkim	swim
but	gosspi	gossip
don't	reqally	really
often	jse	use
in	wintr	winter
do	gyou	you
to	leqrn	learn
do	snything	anything
on	tne	the
friend	remembwr	remember
was	geftting	getting
knew	yoiu	you
ziri	arguwed	argued
than	fiv	five
a	cloin	coin
i	cna	can
worrying	abotu	about
called	fjrst	first
his	hqands	hands
did	youu	you
keep	quie	quiet
is	fnding	funding
he	wnet	went
a	tetx	text
both	lbankets	blankets
abstained	vrom	from
to	omurn	mourn
restrain	oyur	your
quarrel	oevr	over
tom	waitde	waited
are	uou	you
wearing	byt	but
miroslav	startsd	started
can	yyou	you
the	paast	past
do	oyu	you
evil	basstard	bastard
is	oto	too
on	thtee	three
can't	ewt	eat
cry	whenn	when
dog	coukd	could
a	fplat	flat
any	omre	more
come	frpom	from
we	paln	plan
isn't	hapyp	happy
it	aolne	alone
to	hia	his
home	wehn	when
gifs	ancd	and
he	wantd	wanted
car	eys	keys
an	odl	old
the	moudse	mouse
know	hwo	how
of	hhis	his
to	tdy	try
i'm	noy	not
me	thzat	that
a	cgo	cog
and	wram	warm
a	mysteroius	mysterious
tom	suggestec	suggested
she's	cpming	coming
doesn't	bepong	belong
will	rach	reach
to	knkow	know
already	wrkitten	written
i	knpw	know
sami	tunred	turned
tom	ahd	and
at	hhim	him
only	wisn	wish
a	gkld	gold
tom	saud	said
stefan	cn't	can't
need	theraoy	therapy
makes	rwa	raw
tom	elt	let
go	ywt	yet
off	yhe	the
sami	wae	was
i	sant	want
is	yohr	your
a	belp	bell
one	whl	who
are	hyou	you
a	olt	lot
you	udsually	usually
cooked	fpr	for
it's	bene	been
save	hjs	his
doing	tgis	this
i	uope	hope
i	trg	try
spent	hte	the
in	gthe	the
a	politicla	political
some	piee	pie
truth	coomes	comes
he	wipsd	wiped
she's	gstting	getting
is	wwll	well
you	wnat	want
berber	captivatd	captivated
hardly	mvoing	moving
poor	haur	hair
petty	boureois	bourgeois
void	tnhat's	that's
them	uhder	under
file	rheir	their
of	gour	your
it	can'	can't
math	thwat	that
his	billas	bills
he	wiated	waited
a	haeted	heated
cowboys	adn	and
tom	lput	put
to	foollow	follow
you	fjnd	find
felt	defeaated	defeated
i	acn't	can't
sell	hte	the
do	ewhat	what
was	talming	talking
ziri	egan	began
ever	foret	forget
two	das	days
yanni	tood	told
have	pasesd	passed
do	ykou	you
sami	slrpt	slept
is	thede	there
tom	woon't	won't
do	uou	you
i'd	neve	never
is	whaat	what
do	thta	that
crazy	zbout	about
tom	theree	there
to	teh	the
what	elxse	else
he	wqs	was
the	ppupy	puppy
nearly	fulll	full
says	seh	she
my	ollder	older
is	rojnd	round
that's	fhe	the
several	xifferent	different
kissed	hrer	her
was	oepn	open
sami	wom't	won't
see	yourr	your
on	yhe	the
buy	somd	some
breed	yave	have
of	teh	the
much	moer	more
and	yourr	your
why	arw	are
for	onr	one
won't	raij	rain
he	saked	asked
in	yiur	your
sami	wsa	was
he	adted	acted
study	hqrder	harder
enjoys	ber	her
said	rthat	that
i	thimk	think
we	hvae	have
tom	clarly	clearly
was	howlign	howling
tom	plas	plans
in	minutees	minutes
he's	puset	upset
bales	afre	are
been	rainihg	raining
use	thks	this
look	ljke	like
half	tje	the
tom	hss	has
tom's	bdest	best
only	reasohn	reason
yanni	doesnt	doesn't
was	blcking	blocking
her	seath	death
said	tehy	they
don't	lke	like
fat	chancse	chance
soul	ahbout	about
why	afe	are
i	lolked	looked
the	sench	stench
in	thr	the
a	dirnk	drink
i	hda	had
village	whree	where
or	noy	not
don't	lke	like
know	thaat	that
to	ise	use
martian	usrface	surface
me	ylu'll	you'll
think	taht	that
sami	wqanted	wanted
anyone	missef	missed
much	abou	about
does	tht	that
me	appy	happy
i	couldnt	couldn't
tom	liksd	liked
you	waant	want
that	aain	again
of	auestions	questions
carefully	befoore	before
from	hirth	birth
just	paesing	passing
me	howw	how
be	pllite	polite
to	holx	hold
i	mayy	may
i	canot	cannot
tom	waants	wants
i	caan't	can't
we're	raedy	ready
for	spme	some
why	xdon't	don't
for	fhe	the
exercise	reuglarly	regularly
here's	everythign	everything
i've	nveer	never
your	rfiends	friends
i	likr	like
it	agani	again
strangely	addicive	addictive
laging	bbehind	behind
has	shouler	shoulder
cherries	anhmore	anymore
got	spookred	spooked
taken	adfvantage	advantage
to	pleave	leave
minister	decdied	decided
the	prrincipal	principal
little	fime	time
this	wilp	will
already	looknig	looking
asks	intdresting	interesting
layla	swas	was
even	tohugh	though
into	hedr	her
wear	oyur	your
one	moree	more
me	osme	some
a	cok	cook
are	ost	lost
that	hed	he'd
did	yuo	you
esperanto	soundx	sounds
poor	prents	parents
tell	ylu	you
i	nver	never
have	ahny	any
me	agian	again
a	clrear	clear
his	oife	life
over	tje	the
lie	dowwn	down
tumble	ofdf	off
girl	lzay	lay
sami	hass	has
i	can'y	can't
on	tbe	the
anyone	hwo	who
do	thhat	that
new	lawyerr	lawyer
leaves	foer	for
more	possile	possible
what'll	yku	you
done	thatt	that
it	wsn't	wasn't
did	yoj	you
don't	haev	have
you	embrarassed	embarrassed
that	fpor	for
very	wekll	well
doll	irght	right
to	storea	stores
understood	tghat	that
on	hte	the
the	drvier	driver
still	plya	play
fished	otu	out
germany	wae	was
don't	hsave	have
five	tumes	times
doesn't	knoa	know
you	sude	sure
never	sletp	slept
tom	gto	got
looks	lioe	like
i	fogrot	forgot
his	moustace	moustache
do	taht	that
you	hvae	have
the	ciy	city
straight	aead	ahead
kilometers	oer	per
a	crocth	crotch
in	fhe	the
don't	nneed	need
of	ghard	hard
the	iar	air
will	awin	win
the	botle	bottle
you	wkre	wore
wasn't	agle	able
and	htem	them
has	bden	been
was	srill	still
to	yalk	talk
to	cwall	call
sell	laarm	alarm
nudity	poease	please
the	celebraion	celebration
you	nto	not
a	coule	couple
search	evetry	every
as	rhey	they
repaired	ising	using
sewage	treztment	treatment
greenery	stll	still
i'll	nede	need
you	knkw	know
to	pactice	practice
can't	levae	leave
tom	isnt'	isn't
i	wuoldn't	wouldn't
conducted	hik	him
many	memoroies	memories
am	adraid	afraid
a	pncil	pencil
he	ogt	got
that	islqnd	island
what	mkaes	makes
aren't	afrair	afraid
at	leeven	eleven
iris	rsead	read
a	lifevuard	lifeguard
do	rhis	this
tom	maay	may
as	twk	two
i	hage	have
longer	applicalbe	applicable
find	ypou	you
i	thiught	thought
popular	yourist	tourist
a	nwe	new
sandra's	irrationsl	irrational
his	hores	horse
is	thsi	this
heard	hwat	what
you	hezr	hear
big	cwr	car
your	tda	tea
the	tehater	theater
the	newpsaper	newspaper
vladimir	ggave	gave
trial	startts	starts
i	jusf	just
to	leanr	learn
about	inflaton	inflation
i	swa	saw
layla's	usul	usual
be	nhappy	happy
said	tey	they
words	aee	are
be	upsset	upset
vomiting	adn	and
ball	tapepd	tapped
i	eally	really
forgot	gis	his
tom	tlod	told
a	bery	very
he	wws	was
know	anythibg	anything
the	tei	tie
we	aer	are
different	fom	from
the	ttattoo	tattoo
my	yemper	temper
the	amily	family
his	cpassroom	classroom
do	thiz	this
the	hox	box
down	nexxt	next
how	zre	are
mary	dodn't	didn't
when	ew're	we're
to	enyter	enter
picky	isj't	isn't
you're	watfhing	watching
my	reasom	reason
rules	aree	are
do	taht	that
of	fhe	the
leon	connsulted	consulted
they	rbaid	braid
for	ntohing	nothing
had	bbeen	been
use	puublic	public
tom	eealized	realized
you	alwyas	always
french	ladt	last
turn	hte	the
on	ghe	the
yanni	wantws	wants
monday	todday	today
apple	asuce	sauce
had	nything	anything
at	nnight	night
home	keyz	keys
but	het	her
or	ofur	four
is	gohe	gone
your	dty	duty
they	wers	were
me	esccape	escape
being	faithfu	faithful
decide	thks	this
sure	tht	that
he	tfried	tried
sure	wheb	when
i	fiugred	figured
money	ouut	out
her	eoom	room
his	rdad	dad
rima	anrd	and
has	passred	passed
tom	ilkes	likes
gray	areq	area
just	guesxing	guessing
can	jndeed	indeed
finish	diing	doing
stand	forh	forth
filming	ythe	the
why	ddin't	didn't
is	kknd	kind
the	newss	news
with	egeryone	everyone
a	icty	city
to	bex	bed
is	rhree	three
do	oyu	you
i	do'nt	don't
two	couppes	couples
to	nuy	buy
sell	ror	for
to	gef	get
tom	ogt	got
can't	bbelieve	believe
nosebleeds	oftne	often
mennad	diid	did
i	wasmn't	wasn't
his	ehad	head
we're	doinng	doing
stones	aare	are
that	oyu	you
to	apl	all
yanni's	rooom	room
you	knoq	know
a	upre	pure
in	svery	every
to	ppass	pass
a	ptoduct	product
of	thingas	things
what	haappened	happened
ordered	hte	the
him	otday	today
quit	scnhool	school
you	zre	are
i	ddon't	don't
could	nhave	have
won't	nappen	happen
tom	lkies	likes
she	gofoed	goofed
a	fup	cup
do	thta	that
to	feeel	feel
tom	wss	was
that	mames	makes
she	wwas	was
about	teh	the
to	ohers	others
do	thayt	that
into	thhe	the
strong	qnd	and
all	jreks	jerks
i'm	reslly	really
words	lke	like
sorry	taht	that
current	ppage	page
sony	inspirea	inspires
election	resjlts	results
heard	thw	the
want	ber	her
like	ttea	tea
so	mjch	much
do	fhat	that
sort	hax	has
a	ehaler	healer
she's	richh	rich
you	taugh	taught
he	stle	stole
on	thw	the
you	nwver	never
be	parftly	partly
the	onply	only
vexation	ahd	and
i	iddn't	didn't
into	thrsee	three
if	it'ds	it's
should	gwt	get
tom	woulldn't	wouldn't
said	he'	he's
i	knw	knew
this	umshroom	mushroom
mary's	feelongs	feelings
a	peerson	person
how	lonhg	long
great	sisn	sins
all	tbe	the
didn't	ahve	have
kept	uhis	his
that	swith	with
completely	emty	empty
every	motnh	month
who	hgged	hugged
just	muredrs	murders
do	waht	what
to	realy	really
my	bosa	boss
i've	necer	never
didn't	speka	speak
the	clpock	clock
is	theere	there
kingdom	begwn	began
layla	bega	began
washed	thmselves	themselves
i	hav	have
your	amily	family
was	goign	going
entire	thnig	thing
dinars	tomorrwo	tomorrow
leave	rearly	early
mary	ars	are
to	ckme	come
is	caustrophobic	claustrophobic
you	lke	like
is	whdre	where
tom	should'ce	should've
things	ars	are
were	veacuated	evacuated
this	ocket	rocket
he	hubgry	hungry
why	wouldd	would
the	harrd	hard
be	fastr	faster
back	thre	there
thing	yuo	you
i'm	learnihg	learning
to	oyu	you
it's	alreeady	already
wears	hiw	his
tom	eevery	every
say	seh	she
have	vey	very
he	qas	was
me	shhe	she
the	oen	one
the	plaate	plate
off	gonight	tonight
i	gst	get
lives	tehre	there
be	anle	able
know	iit's	it's
in	tbe	the
definitely	fot	got
of	peoplw	people
about	oyu	you
wasn't	hndcuffed	handcuffed
i	sant	want
both	stduy	study
book	bakc	back
over	sojething	something
was	dsitracted	distracted
not	ery	very
compulsive	gamblr	gambler
truly	impressdd	impressed
know	wheh	when
hate	thwt	that
is	tio	too
a	drivnig	driving
one	whlo	who
to	injutry	injury
i	wetn	went
guys	wsre	were
grown	cooser	closer
she	tol	told
stop	doijng	doing
during	thw	the
right	wsy	way
he	dalled	called
in	hte	the
date	wjith	with
it	wsa	was
i	mastjurbate	masturbate
tom	glaned	glanced
electric	drazor	razor
had	avgreed	agreed
he	hhit	hit
to	stp	stop
hexane	todic	toxic
existing	lumg	lung
her	owwn	own
michael's	mmom	mom
no	onde	one
all	rigut	right
investigating	tbe	the
what	wsa	was
is	wasexual	asexual
population	livea	lives
away	flr	for
he	crusshed	crushed
to	tthe	the
has	beem	been
a	ehad	head
he	enjoyexd	enjoyed
their	griends	friends
do	yoi	you
the	firl	girl
understand	whar	what
i	uope	hope
for	oyu	you
doing	somefhing	something
the	mzn	man
a	frien	friend
she	dpat	spat
tom	wil	will
michael	nlushed	blushed
cross	leggec	legged
four	weekss	weeks
the	wdbsite	website
sarah	eiither	either
house	eveyr	every
said	thwy're	they're
does	anybdoy	anybody
about	thks	this
tom	ehe	she
when	yyou're	you're
a	wehbsite	website
dust	aly	lay
the	larty	party
see	welkl	well
starts	npw	now
traveled	throughour	throughout
rima	soent	spent
an	allarm	alarm
is	sudying	studying
stay	aeay	away
you	jsut	just
was	impredsed	impressed
homework	skmetimes	sometimes
i	goft	got
poured	himsepf	himself
tom	sopke	spoke
is	swaid	said
he	playe	plays
luxurious	gome	home
guard	cming	coming
to	yim	him
has	nothin	nothing
gunter	lievd	lived
the	butrtons	buttons
knows	whg	why
a	hadsome	handsome
fire	ddie	die
from	lsaving	leaving
to	ome	come
little	wjhile	while
to	fet	get
regrets	nkt	not
these	sandald	sandals
time	yuo	you
a	mlnth	month
martino	wnted	wanted
stayed	ijnside	inside
other	ppanets	planets
the	picure	picture
already	sakd	said
he	hsa	has
might	thjink	think
tom's	ftaher	father
ziri	aand	and
into	hsi	his
know	iy's	it's
think	onthing	nothing
her	har	hair
found	fhe	the
who	helpe	helped
nothing	cna	can
bath	looed	looked
i'm	prwetty	pretty
is	ouy	out
knew	fhat	that
i	kniw	know
she's	supposd	supposed
we	wwnt	want
the	refrigerwator	refrigerator
my	friebd	friend
admired	aboht	about
he	thouyht	thought
this	musdum	museum
little	tpoo	too
a	travle	travel
want	youu	you
doesn't	osund	sound
he	saaid	said
saw	yiu	you
to	wtill	still
sweets	afe	are
barks	npt	not
been	invvolved	involved
will	eart	eat
of	thde	the
i	hda	had
dan	particiapted	participated
across	tbhe	the
did	ytoday	today
tom	wsnt	went
already	bwen	been
are	rhe	the
is	noy	not
bulging	briefases	briefcases
down	onr	one
positive	relarionships	relationships
had	watwr	water
a	tinme	time
you	fcreate	create
they	ddrew	drew
pietro	evrentually	eventually
if	uou'd	you'd
your	fcar	car
i	sut	sit
writing	loems	poems
she's	wjith	with
why	doon't	don't
on	ege	edge
we're	plannng	planning
in	thd	the
thought	tuhat	that
denying	tthe	the
roof	hsa	has
mary	brlieves	believes
mary	yhought	thought
at	thqt	that
not	hapyp	happy
i'll	rset	rest
nice	mvoe	move
underestimated	gim	him
with	htis	this
didn't	oyu	you
in	dovs	dogs
tom	dirn't	didn't
kissed	natioh	nation
a	drash	crash
like	sshe	she
on	busines	business
was	atatcked	attacked
did	ypu	you
what	gou	you
that	bboy	boy
what	she'es	she's
it	wigh	with
she	dosen't	doesn't
person's	lige	life
to	worrh	worry
got	hks	his
the	gdround	ground
the	momsnt	moment
didn't	lile	like
are	veyr	very
across	hte	the
turned	thhe	the
with	bdans	beans
that	sog	song
only	ome	one
goes	thdough	through
more	htan	than
he's	frokm	from
tom	saaid	said
eaten	lnch	lunch
leg	whike	while
i	hweard	heard
from	teh	the
to	viwit	visit
the	islancd	island
tastes	vrey	very
giraffes	qare	are
was	sititng	sitting
at	thse	the
your	relatilonship	relationship
i	fakl	fall
teeth	afyer	after
he	idd	did
by	nanme	name
spanish	oncorrectly	incorrectly
overwhelmed	ehr	her
are	yiu	you
it	qll	all
long	tiime	time
wasn't	evry	very
yet	hre	here
with	esach	each
way	ouut	out
not	ghilty	guilty
no	ond	one
were	clsoely	closely
she's	afraoid	afraid
a	mmillion	million
be	digetsed	digested
you	ile	lie
has	lohg	long
finished	doinf	doing
face	briightened	brightened
had	unch	lunch
do	yuo	you
tom	kooked	looked
the	bband	band
are	alos	also
be	quet	quiet
christmas	patry	party
tom	logned	longed
are	uou	you
a	dste	date
he	loked	looked
by	tbe	the
latest	contribuitons	contributions
i	receivde	received
tom's	feiends	friends
the	doir	door
burn	coak	coal
it	yuo	you
looks	pretyt	pretty
have	skme	some
of	alohol	alcohol
became	untrigued	intrigued
going	ohut	out
i	woneer	wonder
me	taht	that
with	yiur	your
in	rthe	the
let's	sppit	split
the	nath	bath
understand	hwo	how
a	dtied	dried
mary	wqs	was
skura	severrely	severely
to	opn	open
do	thqt	that
need	youur	your
spoiled	akl	all
so	hhard	hard
you	wany	want
did	oyu	you
a	hndred	hundred
the	kkitchen	kitchen
full	tmie	time
i	lioe	like
called	badk	back
in	ghis	his
solve	conflics	conflicts
six	childrne	children
respect	oyu	you
do	rhis	this
make	myslef	myself
rima	xonfessed	confessed
marching	witth	with
over	ther	there
by	atxi	taxi
it	lkie	like
his	neighborws	neighbors
tom	thuoght	thought
that	poeg	poet
make	sime	some
beer's	vvery	very
the	cordob	cordon
to	tihnk	think
not	esay	easy
it	qwouldn't	wouldn't
to	cdrive	drive
have	tgis	this
to	rhe	the
is	eimilar	similar
your	dtuy	duty
no	nlt	not
tea	shakl	shall
any	hdlp	help
paint	htis	this
sami	didn''t	didn't
me	rfor	for
of	tnhe	the
thought	taht	that
i	wsa	was
we're	goijg	going
footsteps	outide	outside
got	unde	under
don't	trut	trust
my	tjroat	throat
maybe	teh	the
sami	pissex	pissed
feels	soff	soft
helped	whosver	whoever
the	budgrt	budget
politics	lleaves	leaves
problem	wity	with
have	fqllen	fallen
by	themseles	themselves
follow	hte	the
sami	alreadg	already
don't	ssee	see
really	opor	poor
who	ogt	got
all	gthe	the
getting	lionger	longer
compact	ajnd	and
i've	nevre	never
more	teea	tea
thanks	fkor	for
this	timee	time
i'm	mnot	not
phone	hed	her
studied	harer	harder
stop	wagihg	waging
we	cann't	can't
player	htan	than
you	rty	try
two	daughtres	daughters
the	cra	car
me	hwo	how
but	intimiating	intimidating
is	acurate	accurate
me	thta	that
electoral	mankpulation	manipulation
tom	llater	later
rain	thhis	this
did	thst	that
have	beemn	been
was	vrey	very
me	compamy	company
an	eloquenr	eloquent
years	afgo	ago
mary	asid	said
could've	hbeen	been
for	oen	one
who	wwas	was
i	spedn	spend
you'd	msake	make
one	wzs	was
on	doin	doing
thank	yuo	you
where	hws	has
said	senjor	senior
he	awas	was
he	laay	lay
his	heacd	head
many	frienss	friends
younger	yhan	than
a	hndsome	handsome
imitate	thwm	them
like	flowefs	flowers
very	worrried	worried
know	waht	what
always	flrgets	forgets
ziri	wated	wanted
influential	frienxs	friends
i	wantrd	wanted
cars	spsd	sped
lie	baack	back
last	nighft	night
good	hting	thing
took	ecramics	ceramics
his	schedle	schedule
tebboune	mske	make
that	hse	she
where	acn	can
i	havent'	haven't
certainly	seemss	seems
needs	mroe	more
to	takk	talk
mary	lovrs	loves
were	unqble	unable
her	faul	fault
that	shw	she
elected	hkm	him
jackson	gto	got
people	dno't	don't
that's	hwo	how
ziri	lved	lived
a	hlanket	blanket
the	hihgway	highway
over	yaers	years
want	jore	more
and	loojed	looked
don't	gblame	blame
don't	bellieve	believe
tall	grouhnded	grounded
tom	dic	did
the	dishse	dishes
you	ver	ever
tom	oyu	you
and	hsi	his
was	supposefd	supposed
eating	vigs	figs
tom	ancd	and
i	do'nt	don't
that	sonded	sounded
you're	spuposed	supposed
you	znd	and
the	poiint	point
at	hte	the
her	sohpping	shopping
tom	ahs	has
long	nas	has
canceled	tonight'd	tonight's
their	srepmother	stepmother
wash	todaty	today
he	wans't	wasn't
must	repa	reap
inflation	raate	rate
my	rother	brother
the	teavher	teacher
report	hte	the
brilliant	joob	job
i	ust	just
we	don'g	don't
for	hte	the
did	ypu	you
i	gace	gave
you	qant	want
and	seee	see
what	mignt	might
picture	represennted	represented
everyone	sajng	sang
he's	oout	out
the	wsplits	splits
he	dudn't	didn't
culture	sssociates	associates
just	dooesn't	doesn't
for	alll	all
melissa	fotr	for
i	dkon't	don't
tom	har	had
keep	rhe	the
your	cadreer	career
crack	ghen	then
the	tesg	test
i've	neer	never
right	awzay	away
didn't	kbow	know
shower	beford	before
the	markeet	market
tom	waes	was
roller	sskate	skate
eat	hread	bread
say	anh	any
been	pyt	put
nothing	arong	wrong
up	ghe	the
i	cah	can
i	idn't	didn't
tom's	fcae	face
have	zlways	always
tom	broought	brought
have	enoguh	enough
so	ashamex	ashamed
live	forr	for
like	tthat	that
a	wonedrful	wonderful
ever	bsen	been
memories	whilee	while
of	yhe	the
a	cmomon	common
still	hurtx	hurts
all	ady	day
all	swet	set
still	nlt	not
tom	coing	coming
rode	aeay	away
about	tje	the
demanding	wprk	work
nations	anf	and
she	nhas	has
is	oto	too
i	dkn't	don't
and	theere	there
this	hse'll	he'll
you	eere	were
i	originalyl	originally
one	oart	part
tom	psent	spent
my	daarling	darling
that	subjecr	subject
in	thsat	that
a	litte	little
tom	caj	can
insulated	thw	the
is	acught	caught
our	sehtences	sentences
has	bewn	been
leon	flw	flew
no	sennse	sense
was	fne	fine
a	nridge	bridge
a	cajpaign	campaign
this	iver	river
on	papr	paper
the	restaurajt	restaurant
this	debaet	debate
come	bacj	back
hope	thta	that
i	can'f	can't
tom	wqas	was
tom	doesnn't	doesn't
of	yhe	the
worried	aobut	about
took	offf	off
new	ttax	tax
i	saaid	said
tom	gett	get
truly	offenwsive	offensive
savour	fhe	the
see	hoow	how
yet	finizhed	finished
regret	ythat	that
is	tyat	that
picked	tthe	the
is	verry	very
do	thag	that
the	stusdents	students
from	teh	the
the	nnight	night
when	uou	you
minutes	gturned	turned
of	waitinb	waiting
of	meomries	memories
strong	obdy	body
slowly	beloq	below
a	showre	shower
much	noize	noise
layla	outt	out
the	rsest	rest
her	faovrite	favorite
tom	toldd	told
his	inaility	inability
the	caft	cart
do	thta	that
the	atble	table
stand	stoll	still
then	fhe	the
running	aqay	away
his	daughteer's	daughter's
so	mch	much
me	thzt	that
you	wil	will
mary	realoy	really
will	benefuit	benefit
tom	wae	was
can't	snoke	smoke
vast	ags	age
cook	lke	like
of	tbhe	the
the	lagrest	largest
triggers	regrewsion	regression
you	letf	left
mary	ddi	did
be	helpinb	helping
four	millioon	million
i	wouln't	wouldn't
she	livea	lives
as	lonf	long
we	wer	were
of	harmlese	harmless
her	drem	dream
speak	aboht	about
be	visibkle	visible
a	politiacl	political
tom	szt	sat
is	wewring	wearing
turn	dowh	down
to	bck	back
you	alll	all
by	tapking	talking
you	yhe	the
next	strp	step
years	aog	ago
and	gdt	get
confirm	sme	some
looking	forr	for
kiss	gher	her
i	kno	know
my	nlood	blood
and	watcjh	watch
fadil	camwe	came
she	fgot	got
great	promiise	promise
know	thzt	that
is	hapyp	happy
i	oprned	opened
fix	fhe	the
her	heqad	head
birds	epcked	pecked
he	wamted	wanted
hell	dic	did
his	nourney	journey
any	foundattion	foundation
this	xtarted	started
always	wlcome	welcome
let's	fnd	find
that	yuo	you
is	rgiid	rigid
on	ths	this
tom	coem	come
i	dudn't	didn't
mary	ian't	isn't
can	sppeak	speak
don't	jknow	know
lives	wiith	with
yanni's	cokpany	company
we	yosted	hosted
i	htink	think
mary	eaid	said
your	vins	veins
i'm	nto	not
fire	withi	within
didn't	knkw	know
was	hreat	great
anyone	elsr	else
she's	npot	not
roses	qre	are
back	insde	inside
your	sster	sister
seems	fhat	that
your	cpoking	cooking
tom	znd	and
these	wordd	words
second	bae	base
there's	hooe	hope
it	afain	again
i	eplain	explain
almost	hiit	hit
i've	gto	got
go	afster	faster
went	baack	back
was	doihg	doing
my	eydes	eyes
in	prsion	prison
had	dkne	done
see	tha	that
couldn't	malke	make
ziri	turneed	turned
he	hzs	has
is	strongre	stronger
don't	het	get
are	fhn	fun
tom	haf	had
the	prettty	pretty
two	yeasr	years
yanni	wzas	was
from	hwre	here
are	uou	you
were	xamaged	damaged
following	tghem	them
we	bave	have
tom	ner	near
place	nhas	has
you	tehn	then
you	habe	have
of	hetre	here
that	woh	won
her	psare	spare
for	thek	them
when	thw	the
drank	thrse	three
tom	won'	won't
in	rthe	the
to	fomplete	complete
the	hiuse	house
still	nnot	not
tom	wno't	won't
heard	rthat	that
the	tich	rich
mary	wqs	was
has	tjhe	the
is	obvilusly	obviously
done	nything	anything
time	fkr	for
didn't	thnik	think
didn't	imediately	immediately
you	akl	all
eyes	sre	are
not	wasy	easy
this	rpoom	room
bought	themselvrs	themselves
with	hiw	his
tom	plahyed	played
did	yoi	you
the	soldierz	soldiers
mary	arw	are
we	livde	lived
the	roomm	room
very	hevay	heavy
hit	theor	their
hasn't	selpt	slept
don't	smoe	smoke
do	yyou	you
great	lal	all
you	cna	can
supportive	neough	enough
i	dno't	don't
a	ittle	little
you	hsouldn't	shouldn't
his	oopinion	opinion
tom	askeed	asked
acquaintances	wbho	who
they	goot	got
parents	musft	must
won't	prrevent	prevent
is	sititng	sitting
not	exiisted	existed
win	afain	again
ziri's	paety	party
from	leraning	learning
earlier	thsan	than
is	eneded	needed
it	anyhwere	anywhere
were	fabbergasted	flabbergasted
i'm	hgood	good
wrote	ome	one
found	otu	out
the	worod	world
must've	een	been
ziri	tood	told
i	foundd	found
i	liike	like
laborers	nedd	need
drives	pricdes	prices
of	pople	people
yanni	uilt	built
some	folwers	flowers
that	earlie	earlier
gone	ojt	out
do	taht	that
grass	oes	does
out	teh	the
her	yees	eyes
was	completeyl	completely
the	wods	woods
know	tnat	that
they	wre	were
if	yyou	you
married	eith	with
long	tmie	time
keep	thd	the
the	glogbe	globe
her	dwmands	demands
boris	waas	was
didn't	thnik	think
to	wni	win
on	alol	all
that	chagne	change
i	jusy	just
about	tthe	the
his	motther	mother
the	gtruth	truth
pulwarty	nots	notes
left	withohut	without
was	suspedned	suspended
about	anythng	anything
you	rread	read
dog	hanndler	handler
and	slakmed	slammed
day	wehn	when
you	kniy	knit
me	thhat	that
be	askeep	asleep
all	thst	that
didn't	thinkk	think
own	ahppiness	happiness
by	nwo	now
to	opay	pay
up	wth	with
that's	noft	not
a	rdcess	recess
fell	oout	out
you	hhave	have
he	ows	owns
the	priecs	prices
you	wsnted	wanted
out	thedre	there
tom	ddin't	didn't
their	houwse	house
to	mrry	marry
a	glack	black
i've	yot	got
defeat	stiill	still
soon	fuond	found
been	blorn	born
do	gyou	you
you	lkike	like
i	doon't	don't
his	awy	way
me	thzt	that
his	brkther	brother
i	didnn't	didn't
at	hre	her
washing	zll	all
door	wqs	was
abandoned	youdr	your
built	rhirty	thirty
i	willl	will
stalled	reshlting	resulting
week	aftefr	after
you	cna	can
has	beeen	been
i	do'nt	don't
hates	shavong	shaving
his	bpok	book
tom	wsa	was
story	conains	contains
that	hwad	had
television	zset	set
a	domputer	computer
was	outstandig	outstanding
where	ddi	did
for	omre	more
she	suhowed	showed
skinny	enoufh	enough
at	tne	the
turn	ocmes	comes
to	aplogize	apologize
like	rhat	that
picked	smoe	some
solid	fpoundation	foundation
do	yku	you
i	hace	have
obey	rhe	the
throw	partise	parties
has	vry	very
that's	inhukane	inhumane
i	wsa	was
behind	gthose	those
you	eed	need
themselves	neqw	new
sami's	dpg	dog
the	wun	sun
was	founf	found
tom	saif	said
all	tthe	the
like	eatinh	eating
his	iancee	fiancee
wrote	poeyry	poetry
who	couuld	could
ziri	explorsd	explored
the	sodiers	soldiers
drug	adidcts	addicts
been	tid	tied
found	indentatios	indentations
raced	homme	home
any	mnoey	money
looking	fpor	for
a	ggas	gas
was	lpen	open
tom	sakd	said
is	absolutdely	absolutely
says	shw	she
tom	obught	bought
with	ist	its
resign	nexxt	next
from	sqying	saying
i	maored	majored
nail	clpper	clipper
been	oberving	observing
to	meey	meet
big	dewal	deal
she	woudl	would
americans	reejcted	rejected
yanni	plearned	learned
i'm	nott	not
do	everyhting	everything
a	kot	lot
she	ofund	found
made	dure	sure
us	soe	some
with	ihm	him
ever	pqaid	paid
an	ipen	open
not	goong	going
car	buut	but
to	opstpone	postpone
consider	hef	her
anyone	lese	else
see	thi	this
the	matger	matter
can	deteft	detect
i	thlought	thought
meters	ofd	off
go	qbroad	abroad
freeway	ofr	for
missed	wll	all
you	lkok	look
he	webnt	went
they	ddi	did
tom's	opniion	opinion
in	lqte	late
the	nternet	internet
or	ywo	two
our	mneu	menu
say	tha	that
here	gor	for
was	naiive	naive
a	postccard	postcard
quiet	strnegth	strength
i	thikn	think
wearing	contacs	contacts
can	easliy	easily
in	laaw	law
mary	uqickly	quickly
bought	neew	new
was	foo	too
were	gling	going
i	meah	mean
the	echool	school
play	withh	with
that	ahe	she
i	dkn't	don't
don't	hink	think
wasn't	goijg	going
he	slepr	slept
his	aay	way
the	psat	past
each	oher	other
bind	ojr	our
do	anytjing	anything
deal	wtih	with
were	willihng	willing
his	wor	work
seagulls	lwft	left
have	tuhe	the
every	eeek	week
reached	thre	the
is	nwo	now
the	saladd	salad
on	hsi	his
i'd	fimnd	find
he	bas	has
just	hac	had
offer	wwas	was
is	htat	that
boy	hsa	has
have	beenn	been
never	realyl	really
younger	brothers'	brother's
words	coe	come
me	sge	she
wife	accompanid	accompanied
she	byu	buy
have	xsettled	settled
three	montys	months
was	happt	happy
two	diffrrent	different
that	guuy	guy
is	trespassjng	trespassing
last	wrek	week
i	lought	ought
probably	etart	start
hurt	oyu	you
rarity	foor	for
be	abble	able
the	envlope	envelope
do	thta	that
in	tbhe	the
was	ren	ten
to	pukl	pull
at	yyou	you
her	tpo	too
didn't	shpw	show
heard	dslow	slow
on	hte	the
said	tht	that
the	highesft	highest
what	iisn't	isn't
on	hsi	his
dead	silenfe	silence
not	goihng	going
had	toko	too
difficult	langugae	language
more	numefrous	numerous
to	hjis	his
you	realy	really
that	agajn	again
getting	sixk	sick
came	homee	home
ice	wazs	was
powerful	alyl	ally
real	troubld	trouble
them	anyhting	anything
much	unlight	sunlight
clean	thr	the
get	paaid	paid
long	snough	enough
i've	daid	said
said	tht	that
recital	alst	last
unit	oftice	office
identity	caed	card
still	hodls	holds
sami	har	had
your	dpg	dog
should	stya	stay
the	rihgt	right
sit	welo	well
his	emper	temper
absolute	ttosh	tosh
see	othee	other
out	ofr	for
better	rhan	than
said	tyou	you
minimizing	thinfs	things
he	own't	won't
the	roojm	room
he's	cdrtainly	certainly
jacket	foor	for
ethnic	minoritides	minorities
the	puncutres	punctures
can	tekll	tell
of	credir	credit
i	ueard	heard
slept	sooundly	soundly
jonas	gkot	got
yanni	wass	was
thin	womam	woman
chew	oty	toy
doing	thaf	that
in	zgony	agony
only	nce	once
ziri	bfroke	broke
they	visiter	visited
and	shuold	should
he	tkld	told
don't	belpong	belong
yesterday	aftwernoon	afternoon
is	strting	starting
apple	juie	juice
if	yuo	you
i	acn	can
varies	frpm	from
is	alrihgt	alright
i	qas	was
do	somethijng	something
it	whsn	when
always	lieks	likes
the	parrotss	parrots
might	dirve	drive
tom	wanrs	wants
seemed	nie	nice
we	stah	stay
babysit	hwr	her
who	ivited	invited
i	ppaid	paid
in	tge	the
they're	mortl	mortal
artificial	sspace	space
was	exhusted	exhausted
has	evre	ever
you	cann	can
page	ighty	eighty
to	atyend	attend
like	yuor	your
me	sufferr	suffer
in	vqin	vain
nobody	ver	ever
ziri	dkesn't	doesn't
the	wpods	woods
i	lerned	learned
i	thinnk	think
tom	wss	was
the	islanfd	island
can	acll	call
is	tlad	glad
looks	uncertan	uncertain
are	anry	angry
tom	wkuldn't	wouldn't
reasoning	wkth	with
mary	asn't	wasn't
rumpled	hairr	hair
the	enture	entire
am	mnot	not
answered	teh	the
has	alpl	all
mary	waas	was
for	awho	who
cost	ehr	her
didn't	knwo	know
cake	in't	isn't
i	wiish	wish
own	gravw	grave
the	cobcert	concert
i	reda	read
tea	umdergoes	undergoes
go	ffom	from
i'm	yhe	the
a	kodel	model
adore	tbe	the
the	answet	answer
i	thikn	think
forgetful	isnn't	isn't
the	treet	street
mary	aree	are
be	jeqalous	jealous
should	gdab	grab
their	nneighbors	neighbors
fadil	tlod	told
and	fallz	falls
hard	timr	time
me	nausae	nausea
around	wnd	and
sami	wantsd	wanted
and	carbonn	carbon
never	lsept	slept
knows	tthat	that
a	bearter	beater
he	wsa	was
very	largr	large
study	ths	the
way	tnhings	things
a	lpot	lot
fifty	atars	stars
they	thougth	thought
that	tlmorrow	tomorrow
for	hsi	his
of	heealth	health
you're	sayingg	saying
your	huse	house
carriage	rawn	drawn
said	thhat	that
interviewed	immedately	immediately
said	theyy	they
he	quarrleed	quarreled
after	mzany	many
beings	thst	that
mary	witu	with
in	hiis	his
forgot	taht	that
were	bluging	bulging
why	doess	does
this	psider	spider
the	docyor	doctor
fridge	dkor	door
kept	watcning	watching
you	liev	live
shit	otu	out
he	wzs	was
mary	ssaid	said
friends	dont'	don't
how	mdmen	madmen
sami	sidn't	didn't
are	raelly	really
closing	doqn	down
i	fon't	don't
mysterious	pplanet	planet
tom	erealized	realized
i	yold	told
think	tha's	that's
wouldn't	wnt	want
to	ythe	the
invite	ihm	him
algeria	is't	isn't
to	wsay	say
mary	wasj't	wasn't
a	hholiday	holiday
told	yku	you
attend	tbhis	this
the	grounx	ground
our	onlgy	only
she	felp	fell
tom	didn'y	didn't
don't	knoe	know
she	turnwd	turned
she	slippde	slipped
permanent	effecta	effects
water	thete	there
that	purose	purpose
wasn't	ccrazy	crazy
in	thei	their
that	mwn	man
really	thoughht	thought
any	weapob	weapon
looked	lkke	like
mary	gor	for
become	aqcuainted	acquainted
the	trahs	trash
like	ths	this
done	yhat	that
tom	aould	would
me	yoh	you
that	hde'd	he'd
self	eiscovery	discovery
stefan	eas	was
the	kies	kids
one	wwho	who
him	oftf	off
grace	nedes	needs
did	yuo	you
of	chldren	children
i'm	zure	sure
toothed	caft	cat
i	ddn't	didn't
his	orograms	programs
two	uyears	years
tom	shuldn't	shouldn't
run	acdident	accident
work	toinght	tonight
do	yuo	you
was	evry	very
hasn't	chanegd	changed
someone	moer	more
tom	dsaid	said
i	coulnd't	couldn't
can	deql	deal
i	hoep	hope
translate	fhe	the
tom	decixe	decide
didn't	opay	pay
must	wrie	write
drinks	tda	tea
at	uer	her
to	yhe	the
tom	adn	and
the	hospitsl	hospital
tom	znd	and
there	smething	something
tom	annd	and
and	stron	strong
would	yoj	you
it	pff	off
tom	andd	and
help	hwr	her
prised	oppen	open
to	tnhe	the
make	ome	some
this	mounain	mountain
is	hse	she
from	tbe	the
you	aer	are
much	weihgt	weight
travels	withh	with
waters	beforw	before
do	thagt	that
you	hre	here
to	wsah	wash
wonder	whethr	whether
sat	alonee	alone
ziri	wilk	will
do	uou	you
the	hofse	horse
tom	iwll	will
is	awshing	washing
where	atre	are
that	shohldn't	shouldn't
is	rollkng	rolling
heard	thi	this
last	saaw	saw
come	hrere	here
a	glod	good
like	chocolafe	chocolate
by	mercemaries	mercenaries
of	ghe	the
young	lafy	lady
who	sounc	sound
i'm	tred	tired
tom	tjat	that
the	polcie	police
use	yor	your
was	stjll	still
a	meetijg	meeting
store	locaed	located
they	nwed	need
you're	ttrying	trying
do	htat	that
one	wjo	who
will	yiou	you
the	nemy	enemy
is	reday	ready
not	interestex	interested
you	gyuys	guys
you	aned	and
they	tbought	thought
mental	chaatter	chatter
be	confyused	confused
mennad	gof	got
matter	hwat	what
i	doen	done
breeze	bloci	block
this	affernoon	afternoon
something	beforre	before
i	intrend	intend
and	yurs	yours
i	rdmained	remained
be	queit	quiet
in	midn	mind
didn't	sleeep	sleep
forgot	yiur	your
not	tuhe	the
to	hwave	have
earth's	quet	quiet
not	sese	see
are	civilizee	civilized
get	ghe	the
would	nto	not
their	praents	parents
and	lst	let
you're	ery	very
the	zok	zoo
as	dsoon	soon
kitchen	islnd	island
airway	awas	was
there	andd	and
i	nade	made
the	babu	baby
tom	ajd	and
do	htat	that
always	pust	puts
only	raelity	reality
he's	phtting	putting
so	iy's	it's
the	dexor	decor
know	wht	what
i	wqas	was
hollywood	sar	star
like	teh	the
haven't	seeb	seen
them	befter	better
a	nrw	new
known	foor	for
the	zun's	sun's
was	frzoen	frozen
was	almiost	almost
utopia	oir	our
like	waater	water
drink	osme	some
the	ooen	open
are	gou	you
they	ntered	entered
birds	arre	are
crowds	vroke	broke
be	bak	back
that	sll	all
have	twl	two
this	tasets	tastes
no	loger	longer
shouldn't	woryr	worry
tom	wlil	will
for	doiny	doing
loved	hrr	her
over	hwr	her
control	hikm	him
i	thhink	think
from	hte	the
you	waant	want
his	clotes	clothes
his	fksts	fists
was	goimg	going
it	alreayd	already
is	sitll	still
any	pantxs	pants
like	dhrinking	shrinking
quite	biy	big
monday	iesn't	isn't
got	sevonds	seconds
you'll	qall	all
still	elt	let
never	thoght	thought
was	seht	sent
abrams	wsa	was
capitalist	slafery	slavery
of	hte	the
so	crwepy	creepy
took	jis	his
to	technoloogy	technology
your	husbandd	husband
silence	anc	and
so	muc	much
of	pnuemonia	pneumonia
to	hav	have
to	nkow	know
do	youu	you
not	yur	your
open	tbe	the
are	slkmy	slimy
been	drunking	drinking
we	hould	should
be	implemennted	implemented
we	postpponed	postponed
this	wws	was
around	heer	here
to	eag	eat
containers	hav	have
in	tje	the
totally	honestt	honest
sami	hac	had
i	ddi	did
very	ufnriendly	unfriendly
isn't	uungry	hungry
don't	deserge	deserve
was	barkng	barking
why	ddn't	didn't
in	yor	your
feeling	brtter	better
it	ojce	once
a	amn	man
never	bfeak	break
do	uyou	you
our	clib	club
cross	fhe	the
name	ritten	written
show	hwr	her
to	teh	the
but	ooves	loves
must	egt	get
the	evnding	vending
she	wabts	wants
man	ahs	has
revolution	ejnds	ends
wine	pleaes	please
they	todl	told
idea	hwo	who
study	muvh	much
you're	noy	not
that	agsin	again
very	wrojg	wrong
you	saif	said
the	grden	green
sami	wasn'y	wasn't
the	ddevil	devil
a	nwe	new
i	wnt	want
of	bde	bed
you	alreeady	already
boldi	paibted	painted
monkeys	abts	bats
already	efd	fed
times	thaan	than
didn't	derop	drop
tom	aand	and
doesn't	mknow	know
doing	tghat	that
have	becoje	become
he	ahd	and
went	afteer	after
there	whej	when
german	theu'll	they'll
to	xstab	stab
an	adimn	admin
they	leff	left
hardly	evr	ever
i	hwave	have
a	curous	curious
police	afe	are
tom	pretedns	pretends
you	unwelpl	unwell
by	misquitoes	mosquitoes
your	brohter	brother
if	oyu'd	you'd
don't	wany	want
tom	saud	said
the	nouse	house
of	rollars	dollars
you	forr	for
parent	csn	can
wasn't	hwat	what
should	jsut	just
firefighter	bragely	bravely
still	onlnie	online
waiting	ofr	for
who	tauyht	taught
is	teh	the
was	designerd	designed
road	anrrowed	narrowed
the	pbu	pub
a	sorce	source
book	gelongs	belongs
keep	goign	going
i	htink	think
didn't	hafe	have
twins	wete	were
we	usd	used
what	sland	island
tom	knkows	knows
as	preesident	president
we	cabn't	can't
a	sinfuk	sinful
i	dkn't	don't
is	xeactly	exactly
is	reary	ready
can't	affrod	afford
completely	silet	silent
tom	rold	told
us	ths	this
we've	beeen	been
don't	hav	have
ziri	gacve	gave
the	frear	fear
does	omebody	somebody
got	rott	rot
was	fatak	fatal
a	xoffee	coffee
shop	neatr	near
you	mqke	make
must	remine	remind
put	tghe	the
the	shoqer	shower
don't	waht	want
complete	floo	flop
all	righ	right
sami	knw	knew
do	tht	that
i've	awked	asked
of	wate	water
to	ealk	walk
they	gof	got
on	thw	the
liked	fthe	the
around	thwe	the
around	teh	the
to	gert	get
take	cooffee	coffee
who	composd	composed
its	siover	silver
me	thiws	this
to	arest	arrest
care	tfor	for
of	shafp	sharp
think	tgat	that
is	teacihng	teaching
awfully	cageh	cagey
or	nogt	not
are	argjing	arguing
loves	banznas	bananas
a	frdee	free
i	lioked	liked
sami	peekd	peeked
go	witb	with
i	gooing	going
days	swt	set
i	idd	did
be	heer	here
for	lyibg	lying
why	cdid	did
what	you''re	you're
the	armhy	army
the	chnace	chance
arrested	fkor	for
spend	feedingg	feeding
a	poliecman	policeman
so	juch	much
cupboard	usefd	used
the	blngos	bongos
you	ses	see
we	wwre	were
john	marrie	married
why	xid	did
side	stteet	street
be	tehre	there
too	muc	much
loses	twl	two
yanni	hadd	had
i	axked	asked
no	tio	tip
i'm	enjoyibg	enjoying
shouldn't	dnace	dance
jerk	fof	off
those	fve	five
what	he'dd	he'd
me	nnot	not
i'm	noot	not
became	mkre	more
made	srue	sure
i'm	tirec	tired
of	meaks	meals
we	lef	left
is	hookking	hooking
eating	ood	good
she	lkes	likes
she	asn't	wasn't
tom	ahd	and
i	ddi	did
figure	uot	out
your	parengs	parents
a	slaev	slave
weren't	plased	pleased
karl	prepzred	prepared
and	locatioh	location
a	htug	thug
a	waalk	walk
to	hlep	help
you	attrntive	attentive
in	violte	violet
not	hks	his
to	ceel	feel
is	onpy	only
the	whlle	whole
cried	ojt	out
are	oldd	old
he	sas	says
the	pihe	pine
that	tdoay	today
years	ood	old
please	hild	hold
do	ahve	have
gone	mqd	mad
three	tuys	guys
punished	fot	for
for	teh	the
middle	nme	name
do	thqt	that
knows	whagt	what
was	plannning	planning
that	shhe	she
you	bbeat	beat
are	syill	still
says	h'es	he's
put	youer	your
i	annyoed	annoyed
at	eleve	eleven
they	weree	were
marcus's	prsediction	prediction
much	woulcd	would
couldn't	hlep	help
slipped	rfom	from
a	smqll	small
the	montb	month
stop	dfor	for
tom	hqs	has
the	balnace	balance
isn't	ery	very
tom	dkoes	does
his	hari	hair
old	friene	friend
she	ahs	has
swim	ust	just
the	tije	time
tom	chariman	chairman
an	incrdeible	incredible
tom	won'r	won't
i	stayde	stayed
they	idn't	didn't
you	sholdn't	shouldn't
latin	lnguage	language
she	lkilled	killed
and	thhe	the
he	heare	heard
mary	ssay	say
yanni	moticed	noticed
are	omving	moving
borrow	yur	your
his	lcass	class
sami	har	had
how	umch	much
she'd	ionly	only
tempting	idsa	idea
me	thwy	they
to	seee	see
tom	woul	would
he's	baxck	back
a	dcute	cute
just	povoking	provoking
tom	yiu	you
the	linj	link
not	auite	quite
i	disd	did
don't	thknk	think
yanni	lifes	lives
of	csah	cash
his	trhoat	throat
boston	enxt	next
in	ythe	the
ziri	turhed	turned
the	suprmarket	supermarket
would	ykou	you
rima	anr	and
he's	tellign	telling
i	ddn't	didn't
please	srek	seek
the	edn	end
things	ilke	like
cook	tghan	than
be	tou	you
do	thzt	that
am	nto	not
is	htis	this
for	lendibg	lending
kept	moking	smoking
tom	qnd	and
she	sas	was
you	fxi	fix
makes	salmonn	salmon
are	yoou	you
pass	tthe	the
its	onw	own
is	tlugh	tough
paul	haf	had
gabor	umst	must
plays	vifdeo	video
she	aorked	worked
my	hubsand	husband
had	peerfect	perfect
a	hsaky	shaky
a	ffew	few
school	tht	that
leave	himm	him
do	thwt	that
either	desd	dead
go	iut	out
to	oet	let
he	wajts	wants
watched	ovr	over
mary	waalk	walk
boris's	cagin	cabin
was	esterday	yesterday
with	mstard	mustard
reacted	veyr	very
just	rell	tell
know	hwo	how
done	thaft	that
ziri's	jwa	jaw
three	ikds	kids
an	econmoic	economic
getting	oyu	you
at	thse	the
fingers	lool	look
seven	osns	sons
your	bcak	back
you	thi	this
is	withoout	without
is	plausibke	plausible
i'm	goiny	going
explained	everythign	everything
very	mjch	much
seem	naerly	nearly
the	muontains	mountains
to	learm	learn
too	hsort	short
a	mountaimn	mountain
i	nbet	bet
the	locekr	locker
do	thta	that
has	necer	never
don't	beliefe	believe
we	hav	have
i	wqs	was
at	ths	the
endure	hte	the
dark	qnd	and
down	rhe	the
an	inforgettable	unforgettable
sleep	ubt	but
flowers	atre	are
learning	hhow	how
to	ckass	class
layla's	triql	trial
i've	besn	been
this	webzite	website
this	witohut	without
is	syill	still
their	priem	prime
i	gpt	got
will	helop	help
it	soyunds	sounds
you	haad	had
that	thry	they
low	wehn	when
have	forr	for
moment	imagimned	imagined
to	happn	happen
of	consspiracy	conspiracy
mary	catted	chatted
tom	hss	has
and	thre	the
they	wrte	wrote
passengers	aee	are
you	you'er	you're
i	gpt	got
that	suond	sound
on	playihg	playing
in	onths	months
way	throug	through
yanni	sas	was
leave	potr	port
i	lved	loved
a	fulll	full
who	didd	did
looks	liek	like
are	yoyu	you
long	idd	did
is	tghe	the
i've	bdeen	been
is	totallg	totally
have	yoou	you
i've	officiqlly	officially
haven't	dne	done
themselves	wnd	and
huge	feeet	feet
to	walm	walk
cried	becaause	because
son	wnts	wants
tom	dosen't	doesn't
come	tooday	today
mud	qacross	across
ziri	arged	argued
who	helled	helped
i'm	studyong	studying
in	mijd	mind
would	haplen	happen
for	teh	the
how	cmoe	come
taken	thhe	the
was	fraid	afraid
i	llike	like
this	mornnig	morning
iron	anc	and
tom	zlready	already
i	dei	die
he	owde	owed
post	thsi	this
what	shes'	she's
one	zaw	saw
in	loe	love
a	perzon	person
yanni	ffelt	felt
only	menat	meant
be	abls	able
isn't	herw	here
be	sed	used
that	qas	was
get	nis	his
tom	des	does
are	akl	all
about	teh	the
come	heer	here
said	thaft	that
the	vlass	class
they	nevrr	never
at	yhis	his
david	whay	what
mary	wdnt	went
didn't	llan	plan
a	ttrail	trail
a	sopdrano	soprano
isn't	sge	she
separated	befroe	before
you	leace	leave
doesn't	oike	like
in	frnot	front
i	vcannot	cannot
sis	qill	will
was	omre	more
he	carevfully	carefully
everyone	wzs	was
told	yuo	you
they're	sshy	shy
very	godo	good
next	timd	time
was	immediayely	immediately
i	knoe	know
many	pepole	people
i	ddin't	didn't
i	otld	told
edition	odesn't	doesn't
is	tnhe	the
is	teh	the
get	yojur	your
always	welcoje	welcome
absolutely	snaped	snapped
i	dind't	didn't
discovered	htis	this
at	diffetrent	different
gotten	worsee	worse
isn't	neer	beer
you	ome	home
never	wajted	wanted
tom's	larty	party
felt	stronge	stronger
you	seee	see
to	thnk	thank
is	yere	here
don't	wqnt	want
large	nmber	number
broken	downn	down
less	exciing	exciting
the	weathrr	weather
you	sant	want
we	hested	heated
mary	wroks	works
they	aer	are
me	alreacdy	already
tom	ovet	over
to	killl	kill
of	poitns	points
buy	htat	that
tom	ajd	and
i	disluke	dislike
stock	markeet	market
wasting	mojney	money
i	tjhink	think
of	yoou	you
i	watn	want
he	dribes	drives
hugs	ajd	and
went	witu	with
fat	frmo	from
a	bigber	bigger
confederate	flg	flag
friendly	ahd	and
they	vot	got
the	dooe	door
don't	feeel	feel
my	momm	mom
of	tha	that
i'm	atking	taking
not	toing	going
you	jhow	how
me	euch	such
to	makre	make
liked	thhe	the
ourselves	fhat	that
back	odwn	down
vacuumed	rtheir	their
to	sre	see
tom	wwas	was
to	unserstand	understand
was	neurtal	neutral
will	hte	the
really	knoq	know
has	bewn	been
people	behidn	behind
tom	knws	knows
do	tyat	that
tom	doesn'	doesn't
at	yhe	the
is	cutitng	cutting
planet	mdant	meant
knew	thhat	that
is	thw	the
i	awnt	want
to	hkm	him
to	dfink	drink
tom	adn	and
independent	woork	work
to	pwel	peel
that	bzg	bag
extremely	toughh	tough
do	thta	that
smiled	throgh	through
court	nhis	his
do	htat	that
to	wai	wait
told	hte	the
lower	thaj	than
abandoned	bofh	both
his	houzse	house
do	tbat	that
had	alreayd	already
and	fludffy	fluffy
we	gatjer	gather
mary	saidd	said
not	racjng	racing
i	ewere	were
people	caj't	can't
should	teachh	teach
young	widkw	widow
a	ogod	good
to	slep	sleep
didn't	hhave	have
he	wsa	was
azul	meane	means
it's	quuite	quite
the	jobb	job
in	patrnership	partnership
i'm	takinh	taking
to	alugh	laugh
my	advive	advice
doing	tthat	that
i	hif	hit
her	sentene	sentence
take	tha	that
was	yout	your
i	konw	know
there	simetimes	sometimes
of	tge	the
his	aopointment	appointment
be	dxcused	excused
is	undrer	under
someone's	hdlp	help
is	lovelly	lovely
pretty	uhusual	unusual
the	wolrd	world
ziri	rloughly	roughly
the	caf	car
me	mmore	more
they	eblieved	believed
a	ojb	job
i	misss	miss
cake	fot	for
